SCINAME,O,U,F,M,E,S,N,W,H,D,Q
Corvus corax,0,1,0,1,0,0,1,0,0,0,1
Corvus corone,0,1,0,0,1,0,1,0,0,1,0
Loxia curvirostra,0,1,0,1,0,0,0,0,1,1,0
Prunella collaris,0,0,0,0,0,0,1,0,1,1,1
Pyrrhocorax pyrrhocorax,0,0,0,0,0,0,1,0,1,1,1
Garrulus glandarius,0,1,0,0,1,0,0,0,1,1,0
Linaria flavirostris,0,0,0,0,0,0,1,0,1,1,1
Monticola solitarius,0,0,0,0,1,0,0,1,1,1,0
Phasianus colchicus,0,0,0,0,1,1,1,0,0,1,0
Picus canus,0,1,0,0,1,0,0,0,1,1,0
Pyrrhocorax graculus,0,0,0,0,0,0,0,1,1,1,1
Sitta europaea,0,1,0,0,1,0,1,0,0,1,0
Corvus macrorhynchos,0,0,0,0,1,1,0,0,1,1,0
Mycerobas carnipes,0,0,0,0,0,0,1,1,1,1,0
Myophonus caeruleus,0,0,0,0,1,1,0,0,1,1,0
Nucifraga caryocatactes,0,1,0,0,1,0,0,0,1,1,0
Oenanthe deserti,0,0,0,0,0,0,1,1,1,0,1
Periparus ater,0,1,0,0,1,0,0,0,1,1,0
Phoenicurus fuliginosus,0,0,0,0,1,1,0,0,1,1,0
Phoenicurus leucocephalus,0,0,0,0,1,1,0,0,1,1,0
Phoenicurus ochruros,0,1,0,0,0,0,1,0,0,1,1
Poecile montanus,0,1,0,0,1,0,1,0,0,0,0
Pyrrhula erythaca,0,0,0,0,0,1,0,0,1,1,0
Saxicola maurus,0,1,0,0,0,0,0,1,1,1,0
Aegithalos concinnus,0,0,0,0,1,1,0,0,1,1,0
Alectoris chukar,0,0,0,0,1,0,1,1,1,0,0
Carduelis carduelis,0,1,0,0,0,0,1,1,1,0,0
Carpodacus puniceus,0,0,0,0,0,0,1,0,1,1,1
Carpodacus rubicilla,0,0,0,0,0,0,1,0,1,1,1
Carpodacus sibiricus,0,1,0,0,1,0,1,0,0,1,0
Chloris sinica,0,0,0,0,1,1,1,0,0,1,0
Copsychus saularis,0,0,0,0,1,1,0,0,1,1,0
Coloeus dauuricus,0,0,0,0,1,0,1,0,0,1,1
Corvus frugilegus,0,1,0,0,1,0,1,1,0,0,0
Cyanoderma ruficeps,0,0,0,0,1,1,0,0,1,1,0
Dendrocitta formosae,0,0,0,0,1,1,0,0,1,1,0
Dendrocopos hyperythrus,0,0,0,0,1,1,0,0,1,1,0
Dendrocopos leucotos,0,1,0,0,1,0,1,0,0,1,0
Dendrocopos major,0,1,0,0,1,0,1,0,0,1,0
Dicrurus leucophaeus,0,0,0,0,1,1,0,0,1,1,0
Dicrurus macrocercus,0,0,0,0,1,1,0,0,1,1,0
Dryobates cathpharius,0,0,0,0,1,1,0,0,1,1,0
Dryocopus martius,0,1,0,0,1,0,1,0,0,1,0
Enicurus leschenaulti,0,0,0,0,1,1,0,0,1,1,0
Eumyias thalassinus,0,0,0,0,1,1,0,0,1,1,0
Horornis fortipes,0,0,0,0,1,1,0,0,1,1,0
Lalage melaschistos,0,0,0,0,1,1,0,0,1,1,0
Leiothrix lutea,0,0,0,0,1,1,0,0,1,1,0
Leptopoecile sophiae,0,0,0,0,0,0,1,0,1,1,1
Leucosticte nemoricola,0,0,0,0,0,0,1,0,1,1,1
Linaria cannabina,0,1,1,0,0,0,1,1,0,0,0
Lioparus chrysotis,0,0,0,0,1,1,0,0,1,1,0
Monticola rufiventris,0,0,0,0,1,1,0,0,1,1,0
Parus monticolus,0,0,0,0,1,1,0,0,1,1,0
Perdix perdix,0,1,0,1,0,0,1,1,0,0,0
Pericrocotus ethologus,0,0,0,0,1,1,0,0,1,1,0
Phoenicurus erythrogastrus,0,0,0,0,0,0,1,0,1,1,1
Phylloscopus subaffinis,0,0,0,0,1,1,0,0,0,1,1
Pica pica,0,1,0,0,1,0,1,1,0,0,0
Picumnus innominatus,0,0,0,0,1,1,0,0,1,1,0
Poecile palustris,0,1,0,0,1,0,1,0,0,1,0
Pomatorhinus ruficollis,0,0,0,0,1,1,0,0,1,1,0
Prunella fulvescens,0,0,0,0,0,0,1,0,1,1,1
Pucrasia macrolopha,0,0,0,0,1,1,0,0,1,1,0
Saxicola caprata,0,0,0,0,0,1,0,1,1,1,0
Saxicola ferreus,0,0,0,0,1,1,0,0,1,1,0
Tragopan temminckii,0,0,0,0,1,1,0,0,1,1,0
Trochalopteron elliotii,0,0,0,0,1,0,1,0,0,1,1
Turdus rubrocanus,0,0,0,0,1,0,0,0,1,1,1
Turdus viscivorus,0,1,0,0,0,0,1,1,1,0,0
Urocissa erythroryncha,0,0,0,0,1,1,0,0,1,1,0
Carpodacus erythrinus,0,1,0,0,0,0,1,0,1,1,0
Muscicapa sibirica,0,0,0,0,1,0,1,0,1,1,0
Parus minor,0,0,0,0,1,1,0,0,1,1,0
Yungipicus canicapillus,0,0,0,0,1,1,0,0,1,1,0
Phylloscopus humei,0,0,0,0,1,0,1,0,1,1,0
Phylloscopus trochiloides,0,1,0,0,0,0,1,0,1,1,0
Abroscopus albogularis,0,0,0,0,0,1,0,0,1,1,0
Abroscopus schisticeps,0,0,0,0,0,1,0,0,1,1,0
Aegithalos caudatus,0,1,0,0,1,0,1,0,0,0,0
Arborophila rufogularis,0,0,0,0,0,1,0,0,1,1,0
Arborophila torqueola,0,0,0,0,0,1,0,0,1,1,0
Argya earlei,0,0,0,0,0,1,0,1,1,0,0
Bambusicola thoracicus,0,0,0,0,1,1,0,0,0,1,0
Blythipicus pyrrhotis,0,0,0,0,0,1,0,0,1,1,0
Brachypteryx cruralis,0,0,0,0,0,1,0,0,1,1,0
Brachypteryx leucophris,0,0,0,0,0,1,0,0,1,1,0
Bucanetes mongolicus,0,0,0,0,0,0,1,1,1,0,0
Carpodacus pulcherrimus,0,0,0,0,0,0,0,0,1,1,1
Carpodacus rhodochlamys,0,1,0,0,0,0,1,0,1,0,0
Carpodacus rubicilloides,0,0,0,0,0,0,0,0,1,1,1
Carpodacus vinaceus,0,0,0,0,1,1,0,0,0,1,0
Carpodacus waltoni,0,0,0,0,0,0,0,0,1,1,1
Certhia familiaris,0,1,0,0,1,0,1,0,0,0,0
Cettia castaneocoronata,0,0,0,0,0,1,0,0,1,1,0
Chloris ambigua,0,0,0,0,0,1,0,0,1,1,0
Chrysolophus pictus,0,0,0,0,1,1,0,0,0,1,0
Chrysophlegma flavinucha,0,0,0,0,0,1,0,0,1,1,0
Cinclidium frontale,0,0,0,0,0,1,0,0,1,1,0
Cissa chinensis,0,0,0,0,0,1,0,0,1,1,0
Coccothraustes coccothraustes,0,1,0,0,1,0,1,0,0,0,0
Coracina javensis,0,0,0,0,0,1,0,0,1,1,0
Coloeus monedula,0,1,0,0,0,0,1,1,0,0,0
Corvus splendens,0,0,0,0,0,1,0,1,1,0,0
Cutia nipalensis,0,0,0,0,0,1,0,0,1,1,0
Cyanistes cyanus,0,1,0,0,1,0,1,0,0,0,0
Cyornis unicolor,0,0,0,0,0,1,0,0,1,1,0
Dendrocopos darjellensis,0,0,0,0,0,1,0,0,1,1,0
Dicrurus hottentottus,0,0,0,0,0,1,0,0,1,1,0
Dicrurus remifer,0,0,0,0,0,1,0,0,1,1,0
Dinopium benghalense,0,0,0,0,0,1,0,1,1,0,0
Dryobates minor,0,1,0,0,1,0,1,0,0,0,0
Enicurus maculatus,0,0,0,0,0,1,0,0,1,1,0
Enicurus schistaceus,0,0,0,0,0,1,0,0,1,1,0
Enicurus scouleri,0,0,0,0,0,1,0,0,1,1,0
Erythrogenys gravivox,0,0,0,0,1,1,0,0,0,1,0
Ficedula erithacus,0,0,0,0,0,1,0,0,0,1,1
Ficedula hyperythra,0,0,0,0,0,1,0,0,1,1,0
Ficedula sapphira,0,0,0,0,0,1,0,0,1,1,0
Ficedula strophiata,0,0,0,0,0,1,0,0,1,1,0
Ficedula tricolor,0,0,0,0,0,1,0,0,1,1,0
Ficedula westermanni,0,0,0,0,0,1,0,0,1,1,0
Francolinus francolinus,0,0,0,0,0,1,0,1,1,0,0
Francolinus pondicerianus,0,0,0,0,0,1,0,1,1,0,0
Fulvetta cinereiceps,0,0,0,0,1,1,0,0,0,1,0
Fulvetta ruficapilla,0,0,0,0,1,1,0,0,0,1,0
Fulvetta vinipectus,0,0,0,0,0,1,0,0,1,1,0
Gallus gallus,0,0,0,0,0,1,0,0,1,1,0
Garrulax canorus,0,0,0,0,1,1,0,0,0,1,0
Geokichla citrina,0,0,0,0,0,1,0,0,1,1,0
Grandala coelicolor,0,0,0,0,0,0,0,0,1,1,1
Heterophasia gracilis,0,0,0,0,0,1,0,0,1,1,0
Heterophasia pulchella,0,0,0,0,0,1,0,0,1,1,0
Heteroxenicus stellatus,0,0,0,0,0,1,0,0,1,1,0
Horornis acanthizoides,0,0,0,0,1,1,0,0,0,1,0
Horornis flavolivaceus,0,0,0,0,0,1,0,0,1,1,0
Hypsipetes leucocephalus,0,0,0,0,0,1,0,0,1,1,0
Ixos mcclellandii,0,0,0,0,0,1,0,0,1,1,0
Lagopus lagopus,0,1,0,1,0,0,1,0,0,0,0
Lagopus muta,0,1,0,1,0,0,1,0,0,0,0
Leiothrix argentauris,0,0,0,0,0,1,0,0,1,1,0
Leptopoecile elegans,0,0,0,0,0,0,0,0,1,1,1
Leucosticte brandti,0,0,0,0,0,0,0,0,1,1,1
Liocichla phoenicea,0,0,0,0,0,1,0,0,1,1,0
Locustella luteoventris,0,0,0,0,0,1,0,0,1,1,0
Locustella mandelli,0,0,0,0,0,1,0,0,1,1,0
Lophura leucomelanos,0,0,0,0,0,1,0,0,1,1,0
Loxia leucoptera,0,1,0,1,1,0,0,0,0,0,0
Lyrurus tetrix,0,1,0,0,1,0,1,0,0,0,0
Machlolophus spilonotus,0,0,0,0,0,1,0,0,1,1,0
Minla ignotincta,0,0,0,0,0,1,0,0,1,1,0
Mixornis gularis,0,0,0,0,0,1,0,0,1,1,0
Mycerobas melanozanthos,0,0,0,0,0,1,0,0,1,1,0
Myiomela leucura,0,0,0,0,0,1,0,0,1,1,0
Niltava davidi,0,0,0,0,1,1,0,0,0,1,0
Niltava grandis,0,0,0,0,0,1,0,0,1,1,0
Niltava macgrigoriae,0,0,0,0,0,1,0,0,1,1,0
Niltava sundara,0,0,0,0,0,1,0,0,1,1,0
Pardaliparus venustulus,0,0,0,0,1,1,0,0,0,1,0
Parus major,0,1,0,0,0,0,1,1,0,0,0
Perdix dauurica,0,1,0,0,1,0,1,0,0,0,0
Perdix hodgsoniae,0,0,0,0,0,0,0,0,1,1,1
Pericrocotus brevirostris,0,0,0,0,0,1,0,0,1,1,0
Pericrocotus cinnamomeus,0,0,0,0,0,1,0,1,1,0,0
Pericrocotus roseus,0,0,0,0,0,1,0,0,1,1,0
Pericrocotus solaris,0,0,0,0,0,1,0,0,1,1,0
Periparus rubidiventris,0,0,0,0,0,0,0,0,1,1,1
Periparus rufonuchalis,0,0,0,0,0,0,1,1,1,0,0
Phoenicurus schisticeps,0,0,0,0,0,0,0,0,1,1,1
Phylloscopus castaniceps,0,0,0,0,0,1,0,0,1,1,0
Phylloscopus collybita,0,1,0,0,0,0,1,1,0,0,0
Phylloscopus maculipennis,0,0,0,0,0,1,0,0,1,1,0
Phylloscopus pulcher,0,0,0,0,0,1,0,0,1,1,0
Phylloscopus reguloides,0,0,0,0,0,1,0,0,1,1,0
Phylloscopus tephrocephalus,0,0,0,0,1,1,0,0,0,1,0
Phylloscopus valentini,0,0,0,0,1,1,0,0,0,1,0
Picoides tridactylus,0,1,0,0,0,0,1,0,0,1,0
Poecile hypermelaenus,0,0,0,0,1,0,0,0,1,1,0
Poecile superciliosus,0,0,0,0,0,0,0,0,1,1,1
Procarduelis nipalensis,0,0,0,0,0,1,0,0,1,1,0
Prunella rubeculoides,0,0,0,0,0,0,0,0,1,1,1
Prunella strophiata,0,0,0,0,0,0,0,0,1,1,1
Pseudopodoces humilis,0,0,0,0,0,0,0,0,1,1,1
Psittiparus gularis,0,0,0,0,0,1,0,0,1,1,0
Pycnonotus cafer,0,0,0,0,0,1,0,1,1,0,0
Pycnonotus jocosus,0,0,0,0,0,1,0,0,1,1,0
Pycnonotus sinensis,0,0,0,0,1,1,0,0,0,1,0
Pycnonotus xanthorrhous,0,0,0,0,1,1,0,0,0,1,0
Pyrrhoplectes epauletta,0,0,0,0,0,1,0,0,1,1,0
Pyrrhula nipalensis,0,0,0,0,0,1,0,0,1,1,0
Pyrrhula pyrrhula,0,1,0,0,1,0,1,0,0,0,0
Rhodospiza obsoleta,0,0,0,0,0,0,1,1,0,0,1
Rhopophilus pekinensis,0,0,0,0,1,0,1,0,0,0,1
Saxicola torquatus,0,1,1,0,0,0,0,1,0,0,0
Schoeniparus brunneus,0,0,0,0,1,1,0,0,0,1,0
Schoeniparus castaneceps,0,0,0,0,0,1,0,0,1,1,0
Schoeniparus cinereus,0,0,0,0,0,1,0,0,1,1,0
Schoeniparus dubius,0,0,0,0,0,1,0,0,1,1,0
Serinus pusillus,0,0,0,0,0,0,1,1,1,0,0
Sinosuthora conspicillata,0,0,0,0,1,0,1,0,0,1,0
Sinosuthora webbiana,0,0,0,0,1,1,0,0,0,1,0
Sitta cinnamoventris,0,0,0,0,0,1,0,0,1,1,0
Sitta nagaensis,0,0,0,0,0,1,0,0,1,1,0
Sitta villosa,0,0,0,0,1,0,1,0,0,0,1
Spelaeornis troglodytoides,0,0,0,0,0,1,0,0,1,1,0
Spizixos canifrons,0,0,0,0,0,1,0,0,1,1,0
Spizixos semitorques,0,0,0,0,1,1,0,0,0,1,0
Sylviparus modestus,0,0,0,0,0,1,0,0,1,1,0
Tarsiger chrysaeus,0,0,0,0,0,1,0,0,1,1,0
Tarsiger indicus,0,0,0,0,0,1,0,0,1,1,0
Tesia cyaniventer,0,0,0,0,0,1,0,0,1,1,0
Tesia olivea,0,0,0,0,0,1,0,0,1,1,0
Tetraogallus himalayensis,0,0,0,0,0,0,1,0,1,0,1
Tetraogallus tibetanus,0,0,0,0,0,0,0,0,1,1,1
Trochalopteron affine,0,0,0,0,0,1,0,0,1,1,0
Turdus boulboul,0,0,0,0,0,1,0,0,1,1,0
Turdus kessleri,0,0,0,0,0,0,0,0,1,1,1
Turdus mandarinus,0,0,0,0,1,1,0,0,0,1,0
Yuhina flavicollis,0,0,0,0,0,1,0,0,1,1,0
Yuhina gularis,0,0,0,0,0,1,0,0,1,1,0
Yuhina nigrimenta,0,0,0,0,0,1,0,0,1,1,0
Yuhina occipitalis,0,0,0,0,0,1,0,0,1,1,0
Zoothera dixoni,0,0,0,0,0,1,0,0,1,1,0
Alcippe davidi,0,0,0,0,1,1,0,0,0,1,0
Pterorhinus albogularis,0,0,0,0,1,0,0,0,1,1,0
Actinodura strigula,0,0,0,0,0,1,0,0,1,1,0
Actinodura cyanouroptera,0,0,0,0,0,1,0,0,1,1,0
Parayuhina diademata,0,0,0,0,1,1,0,0,0,1,0
Pericrocotus speciosus,0,0,0,0,0,1,0,0,1,1,0
Pica bottanensis,0,0,0,0,0,0,0,0,1,1,1
Corvus cornix,0,1,0,0,0,0,0,1,1,0,0
Oenanthe pleschanka,0,0,0,0,1,0,1,1,0,0,0
Saxicola stejnegeri,0,1,0,0,1,0,1,0,0,0,0
Monticola saxatilis,0,1,0,0,0,0,1,1,0,0,0
Phoenicurus hodgsoni,0,0,0,0,0,0,0,0,1,1,1
Phoenicurus frontalis,0,0,0,0,0,0,0,0,1,1,1
Cyornis whitei,0,0,0,0,0,1,0,0,1,1,0
Phylloscopus yunnanensis,0,0,0,0,1,0,0,0,1,1,0
Phylloscopus armandii,0,0,0,0,1,0,0,0,0,1,1
Phylloscopus sindianus,0,0,0,0,0,0,1,1,1,0,0
Phylloscopus fuligiventer,0,0,0,0,0,0,0,0,1,1,1
Phylloscopus fuscatus,0,1,0,0,1,0,1,0,0,0,0
Phylloscopus plumbeitarsus,0,1,0,0,1,0,1,0,0,0,0
Locustella davidi,0,1,0,0,1,0,0,0,0,1,0
Locustella tacsanowskia,0,0,0,0,1,0,1,0,0,1,0
Helopsaltes certhiola,0,1,0,0,1,0,1,0,0,0,0
Abroscopus superciliaris,0,0,0,0,0,1,0,0,1,0,0
Acanthis flammea,0,1,0,1,0,0,0,0,0,0,0
Actinodura egertoni,0,0,0,0,0,1,0,0,1,0,0
Aegithalos fuliginosus,0,0,0,0,1,0,0,0,0,1,0
Aegithalos glaucogularis,0,0,0,0,1,0,0,0,0,1,0
Aegithalos leucogenys,0,0,0,0,0,0,0,1,1,0,0
Agraphospiza rubescens,0,0,0,0,0,0,0,0,1,1,0
Alcippe nipalensis,0,0,0,0,0,1,0,0,1,0,0
Alectoris magna,0,0,0,0,0,0,1,0,0,0,1
Alophoixus flaveolus,0,0,0,0,0,1,0,0,1,0,0
Ammoperdix heyi,0,0,1,0,0,0,0,1,0,0,0
Anthipes monileger,0,0,0,0,0,1,0,0,1,0,0
Arborophila atrogularis,0,0,0,0,0,1,0,0,1,0,0
Argya caudata,0,0,0,0,0,1,0,1,0,0,0
Brachypteryx sinensis,0,0,0,0,1,1,0,0,0,0,0
Bucanetes githagineus,0,0,1,0,0,0,0,1,0,0,0
Carpodacus dubius,0,0,0,0,0,0,0,0,0,1,1
Carpodacus edwardsii,0,0,0,0,0,0,0,0,1,1,0
Carpodacus roseus,0,1,0,0,0,0,1,0,0,0,0
Carpodacus sipahi,0,0,0,0,0,0,0,0,1,1,0
Carpodacus stoliczkae,0,0,0,0,0,0,1,0,0,0,1
Carpodacus subhimachalus,0,0,0,0,0,0,0,0,1,1,0
Carpodacus synoicus,0,0,1,0,0,0,0,1,0,0,0
Cercotrichas podobe,0,0,1,0,0,0,0,1,0,0,0
Certhia himalayana,0,0,0,0,0,0,0,0,1,1,0
Certhia hodgsoni,0,0,0,0,0,0,0,0,1,1,0
Cettia brunnifrons,0,0,0,0,0,0,0,0,1,1,0
Cettia cetti,0,1,0,0,0,0,0,1,0,0,0
Cettia major,0,0,0,0,0,0,0,0,1,1,0
Chleuasicus atrosuperciliaris,0,0,0,0,0,1,0,0,1,0,0
Chloris chloris,0,1,0,0,0,0,0,1,0,0,0
Chloris spinoides,0,0,0,0,0,1,0,0,1,0,0
Cholornis paradoxus,0,0,0,0,1,0,0,0,0,1,0
Cholornis unicolor,0,0,0,0,0,0,0,0,1,1,0
Chrysolophus amherstiae,0,0,0,0,0,1,0,0,0,1,0
Chrysomma sinense,0,0,0,0,0,1,0,0,1,0,0
Cincloramphus timoriensis,1,0,0,0,0,1,0,0,0,0,0
Cochoa viridis,0,0,0,0,0,1,0,0,1,0,0
Conostoma aemodium,0,0,0,0,0,0,0,0,1,1,0
Corvus torquatus,0,0,0,0,1,1,0,0,0,0,0
Corvus ruficollis,0,0,1,0,0,0,0,1,0,0,0
Coturnix coturnix,0,1,1,0,0,0,0,0,0,0,0
Coturnix japonica,0,1,0,0,1,0,0,0,0,0,0
Crossoptilon auritum,0,0,0,0,0,0,0,0,0,1,1
Cyanistes caeruleus,0,1,0,0,0,0,0,1,0,0,0
Cyanoderma chrysaeum,0,0,0,0,0,1,0,0,1,0,0
Cyanopica cyanus,0,0,0,0,1,0,1,0,0,0,0
Cyornis banyumas,0,0,0,0,0,1,0,0,0,1,0
Cyornis poliogenys,0,0,0,0,0,1,0,0,1,0,0
Dendrocitta frontalis,0,0,0,0,0,1,0,0,1,0,0
Dendrocitta vagabunda,0,0,0,0,0,1,0,0,1,0,0
Dendrocopos leucopterus,0,0,0,0,0,0,1,1,0,0,0
Dendrocopos macei,0,0,0,0,0,1,0,0,1,0,0
Dendrocopos syriacus,0,1,0,0,0,0,0,1,0,0,0
Dicrurus aeneus,0,0,0,0,0,1,0,0,1,0,0
Dicrurus annectens,0,0,0,0,0,1,0,0,1,0,0
Dicrurus caerulescens,0,0,0,0,0,1,0,0,1,0,0
Dicrurus paradiseus,0,0,0,0,0,1,0,0,1,0,0
Dinopium shorii,0,0,0,0,0,1,0,0,1,0,0
Dryocopus javensis,0,0,0,0,0,1,0,0,0,1,0
Enicurus immaculatus,0,0,0,0,0,1,0,0,1,0,0
Erythrogenys erythrogenys,0,0,0,0,0,1,0,0,1,0,0
Ficedula hodgsoni,0,0,0,0,0,1,0,0,1,0,0
Francolinus gularis,0,0,0,0,0,1,0,0,1,0,0
Fulvetta manipurensis,0,0,0,0,0,1,0,0,0,1,0
Fulvetta striaticollis,0,0,0,0,0,0,0,0,1,1,0
Gampsorhynchus rufulus,0,0,0,0,0,1,0,0,1,0,0
Garrulax leucolophus,0,0,0,0,0,1,0,0,1,0,0
Garrulax maesi,0,0,0,0,0,1,0,0,0,1,0
Garrulax monileger,0,0,0,0,0,1,0,0,1,0,0
Garrulus lanceolatus,0,0,0,0,0,0,0,1,1,0,0
Gecinulus grantia,0,0,0,0,0,1,0,0,1,0,0
Graminicola bengalensis,0,0,0,0,0,1,0,0,1,0,0
Hemixos flavala,0,0,0,0,0,1,0,0,1,0,0
Heterophasia desgodinsi,0,0,0,0,0,1,0,0,0,1,0
Heterophasia picaoides,0,0,0,0,0,1,0,0,1,0,0
Ithaginis cruentus,0,0,0,0,0,0,0,0,1,1,0
Jynx torquilla,0,1,1,0,0,0,0,0,0,0,0
Larvivora brunnea,0,0,0,0,0,0,0,0,1,1,0
Leiopicus mahrattensis,0,0,0,0,0,1,0,0,1,0,0
Leioptila annectens,0,0,0,0,0,1,0,0,1,0,0
Lerwa lerwa,0,0,0,0,0,0,0,0,1,1,0
Leucosticte arctoa,0,1,0,0,0,0,1,0,0,0,0
Locustella chengi,0,0,0,0,1,0,0,0,0,1,0
Lophophanes dichrous,0,0,0,0,0,0,0,0,1,1,0
Lophophorus sclateri,0,0,0,0,0,0,0,0,1,1,0
Lophura nycthemera,0,0,0,0,0,1,0,0,0,1,0
Lyrurus mlokosiewiczi,0,1,0,0,0,0,0,1,0,0,0
Machlolophus nuchalis,0,0,0,0,0,1,1,0,0,0,0
Machlolophus xanthogenys,0,0,0,0,0,1,0,0,1,0,0
Malacocincla abbotti,0,0,0,0,0,1,0,0,1,0,0
Megalurus palustris,0,0,0,0,0,1,0,0,1,0,0
Melanochlora sultanea,0,0,0,0,0,1,0,0,1,0,0
Micropternus brachyurus,0,0,0,0,0,1,0,0,1,0,0
Mulleripicus pulverulentus,0,0,0,0,0,1,0,0,1,0,0
Mycerobas affinis,0,0,0,0,0,0,0,0,1,1,0
Mycerobas icterioides,0,0,0,0,0,0,0,1,1,0,0
Myzornis pyrrhoura,0,0,0,0,0,0,0,0,1,1,0
Napothera epilepidota,0,0,0,0,0,1,0,0,1,0,0
Nucifraga multipunctata,0,0,0,0,0,0,0,1,1,0,0
Oenanthe fusca,0,0,0,0,0,1,0,1,0,0,0
Oenanthe leucopyga,0,0,1,0,0,0,0,1,0,0,0
Oenanthe leucura,0,1,1,0,0,0,0,0,0,0,0
Oenanthe lugens,0,0,1,0,0,0,0,1,0,0,0
Oenanthe melanura,0,0,1,0,0,0,0,1,0,0,0
Oenanthe monacha,0,0,1,0,0,0,0,1,0,0,0
Paradoxornis flavirostris,0,0,0,0,0,1,0,0,1,0,0
Paradoxornis guttaticollis,0,0,0,0,0,1,0,0,0,1,0
Pavo cristatus,0,0,0,0,0,1,0,0,1,0,0
Pellorneum ruficeps,0,0,0,0,0,1,0,0,1,0,0
Perisoreus infaustus,0,1,0,0,0,0,1,0,0,0,0
Phyllergates cucullatus,0,0,0,0,0,1,0,0,1,0,0
Phylloscopus cantator,0,0,0,0,0,1,0,0,1,0,0
Phylloscopus intensior,0,0,0,0,0,1,0,0,0,1,0
Phylloscopus intermedius,0,0,0,0,0,1,0,0,1,0,0
Phylloscopus whistleri,0,0,0,0,0,1,0,0,1,0,0
Picus chlorolophus,0,0,0,0,0,1,0,0,1,0,0
Picus squamatus,0,0,0,0,0,0,0,1,1,0,0
Picus viridis,0,1,0,0,0,0,0,1,0,0,0
Picus xanthopygaeus,0,0,0,0,0,1,0,0,1,0,0
Pinicola enucleator,0,1,0,1,0,0,0,0,0,0,0
Podoces hendersoni,0,0,0,0,0,0,1,0,0,0,1
Poecile cinctus,0,1,0,1,0,0,0,0,0,0,0
Poecile lugubris,0,1,0,0,0,0,0,1,0,0,0
Polyplectron bicalcaratum,0,0,0,0,0,1,0,0,1,0,0
Pomatorhinus ochraceiceps,0,0,0,0,0,1,0,0,1,0,0
Pomatorhinus schisticeps,0,0,0,0,0,1,0,0,1,0,0
Pomatorhinus superciliaris,0,0,0,0,0,1,0,0,1,0,0
Prunella atrogularis,0,1,0,0,0,0,1,0,0,0,0
Prunella immaculata,0,0,0,0,0,0,0,0,1,1,0
Prunella modularis,1,1,0,0,0,0,0,0,0,0,0
Prunella rubida,0,1,0,0,1,0,0,0,0,0,0
Pycnonotus aurigaster,0,0,0,0,0,1,0,0,0,1,0
Rhodopechys sanguineus,0,0,0,0,0,0,1,1,0,0,0
Sasia ochracea,0,0,0,0,0,1,0,0,1,0,0
Saxicola jerdoni,0,0,0,0,0,1,0,0,1,0,0
Saxicola leucurus,0,0,0,0,0,1,0,0,1,0,0
Schoeniparus variegaticeps,0,0,0,0,0,1,0,0,0,1,0
Serinus serinus,0,1,0,0,0,0,0,1,0,0,0
Sinosuthora alphonsiana,0,0,0,0,0,1,0,0,0,1,0
Sinosuthora brunnea,0,0,0,0,0,1,0,0,0,1,0
Sitta cashmirensis,0,0,0,0,0,0,0,1,1,0,0
Sitta formosa,0,0,0,0,0,1,0,0,1,0,0
Sitta frontalis,0,0,0,0,0,1,0,0,1,0,0
Sitta himalayensis,0,0,0,0,0,1,0,0,1,0,0
Sitta krueperi,0,1,0,0,0,0,0,1,0,0,0
Sitta magna,0,0,0,0,0,1,0,0,0,1,0
Sitta neumayer,0,1,0,0,0,0,0,1,0,0,0
Sitta przewalskii,0,0,0,0,0,0,0,0,0,1,1
Sitta tephronota,0,0,0,0,0,0,1,1,0,0,0
Sitta yunnanensis,0,0,0,0,0,1,0,0,0,1,0
Spelaeornis reptatus,0,0,0,0,0,1,0,0,0,1,0
Spinus thibetanus,0,0,0,0,0,0,0,0,1,1,0
Stachyris nigriceps,0,0,0,0,0,1,0,0,1,0,0
Stachyris oglei,0,0,0,0,0,1,0,0,1,0,0
Stachyris roberti,0,0,0,0,0,1,0,0,1,0,0
Suthora fulvifrons,0,0,0,0,0,0,0,0,1,1,0
Suthora nipalensis,0,0,0,0,0,1,0,0,1,0,0
Suthora verreauxi,0,0,0,0,0,1,0,0,0,1,0
Syrmaticus humiae,0,0,0,0,0,1,0,0,0,1,0
Tarsiger cyanurus,0,1,0,0,1,0,0,0,0,0,0
Tarsiger rufilatus,0,0,0,0,0,0,0,0,1,1,0
Tetrao urogalloides,0,1,0,0,0,0,1,0,0,0,0
Tetraogallus altaicus,0,1,0,0,0,0,1,0,0,0,0
Tetraophasis szechenyii,0,0,0,0,0,0,0,0,1,1,0
Tickellia hodgsoni,0,0,0,0,0,1,0,0,1,0,0
Timalia pileata,0,0,0,0,0,1,0,0,1,0,0
Tragopan blythii,0,0,0,0,0,1,0,0,1,0,0
Trochalopteron chrysopterum,0,0,0,0,0,1,0,0,0,1,0
Trochalopteron formosum,0,0,0,0,0,1,0,0,0,1,0
Trochalopteron henrici,0,0,0,0,0,0,0,0,1,1,0
Trochalopteron lineatum,0,0,0,0,0,0,0,1,1,0,0
Trochalopteron squamatum,0,0,0,0,0,1,0,0,1,0,0
Trochalopteron subunicolor,0,0,0,0,0,1,0,0,1,0,0
Turdus albocinctus,0,0,0,0,0,0,0,0,1,1,0
Turdus dissimilis,0,0,0,0,0,1,0,0,0,1,0
Turdus maximus,0,0,0,0,0,0,0,0,1,0,1
Turdus merula,0,1,0,0,0,0,0,1,0,0,0
Turdus poliocephalus,1,0,0,0,0,1,0,0,0,0,0
Yuhina bakeri,0,0,0,0,0,1,0,0,1,0,0
Zoothera aurea,0,0,0,0,1,1,0,0,0,0,0
Zoothera dauma,0,0,0,0,0,1,0,0,0,1,0
Zoothera marginata,0,0,0,0,0,1,0,0,1,0,0
Zoothera mollissima,0,0,0,0,0,0,0,0,1,1,0
Zoothera monticola,0,0,0,0,0,1,0,0,1,0,0
Zoothera salimalii,0,0,0,0,0,0,0,0,1,1,0
Cyanoderma ambiguum,0,0,0,0,0,1,0,0,1,0,0
Alcippe fratercula,0,0,0,0,0,1,0,0,0,1,0
Pterorhinus ruficollis,0,0,0,0,0,1,0,0,1,0,0
Pterorhinus lanceolatus,0,0,0,0,0,1,0,0,0,1,0
Pterorhinus davidi,0,0,0,0,1,0,0,0,0,1,0
Pterorhinus berthemyi,0,0,0,0,0,1,0,0,0,1,0
Pterorhinus perspicillatus,0,0,0,0,1,1,0,0,0,0,0
Pterorhinus sannio,0,0,0,0,1,1,0,0,0,0,0
Pterorhinus gularis,0,0,0,0,0,1,0,0,1,0,0
Ianthocincla maxima,0,0,0,0,0,0,0,0,1,1,0
Ianthocincla ocellata,0,0,0,0,0,0,0,0,1,1,0
Ianthocincla rufogularis,0,0,0,0,1,0,0,0,0,1,0
Argya striata,0,0,0,0,0,1,0,0,1,0,0
Actinodura souliei,0,0,0,0,0,1,0,0,0,1,0
Actinodura waldeni,0,0,0,0,0,1,0,0,1,0,0
Staphida castaniceps,0,0,0,0,0,1,0,0,1,0,0
Pericrocotus cantonensis,0,0,0,0,1,1,0,0,0,0,0
Pica serica,0,0,0,0,1,1,0,0,0,0,0
Corvus levaillantii,0,0,0,0,0,1,0,0,1,0,0
Acanthis hornemanni,0,1,0,1,0,0,0,0,0,0,0
Carpodacus davidianus,0,0,0,0,1,0,1,0,0,0,0
Copsychus malabaricus,0,0,0,0,0,1,0,0,1,0,0
Muscicapa striata,0,1,0,0,0,0,1,0,0,0,0
Muscicapa muttui,0,0,0,0,1,1,0,0,0,0,0
Larvivora cyane,0,1,0,0,1,0,0,0,0,0,0
Luscinia phaenicuroides,0,0,0,0,0,0,0,0,1,1,0
Luscinia megarhynchos,0,1,0,0,0,0,0,1,0,0,0
Irania gutturalis,0,1,0,0,0,0,0,1,0,0,0
Calliope calliope,0,1,0,0,0,0,0,0,0,0,1
Calliope tschebaiewi,0,0,0,0,0,0,0,0,1,1,0
Calliope pectoralis,0,0,0,0,0,0,1,0,1,0,0
Calliope pectardens,0,0,0,0,0,0,0,0,1,1,0
Oenanthe isabellina,0,0,0,0,0,0,1,1,0,0,0
Oenanthe oenanthe,0,1,0,0,0,0,1,0,0,0,0
Oenanthe hispanica,0,1,1,0,0,0,0,0,0,0,0
Phoenicurus auroreus,0,0,0,0,1,0,0,0,0,1,0
Phoenicurus alaschanicus,0,0,0,0,1,0,0,0,0,0,1
Ficedula semitorquata,0,1,0,0,0,0,0,1,0,0,0
Ficedula superciliaris,0,0,0,0,0,0,0,0,1,1,0
Ficedula mugimaki,0,1,0,0,1,0,0,0,0,0,0
Cyornis glaucicomans,0,0,0,0,0,1,0,0,0,1,0
Poecile weigoldicus,0,0,0,0,0,0,0,0,0,1,1
Parus cinereus,0,0,0,0,0,1,0,0,1,0,0
Cephalopyrus flammiceps,0,0,0,0,0,0,0,0,1,1,0
Tetrastes sewerzowi,0,0,0,0,0,0,0,0,0,1,1
Synoicus chinensis,1,0,0,0,0,1,0,0,0,0,0
Alcurus striatus,0,0,0,0,0,1,0,0,1,0,0
Rubigula flaviventris,0,0,0,0,0,1,0,0,1,0,0
Turdus ruficollis,0,1,0,0,0,0,1,0,0,0,0
Turdus mupinensis,0,0,0,0,1,0,0,0,0,1,0
Phylloscopus kansuensis,0,0,0,0,0,0,0,0,0,1,1
Phylloscopus proregulus,0,1,0,0,1,0,0,0,0,0,0
Phylloscopus occisinensis,0,0,0,0,0,0,0,0,0,1,1
Phylloscopus schwarzi,0,1,0,0,1,0,0,0,0,0,0
Phylloscopus orientalis,0,1,0,0,0,0,0,1,0,0,0
Phylloscopus ricketti,0,0,0,0,0,1,0,0,0,1,0
Phylloscopus magnirostris,0,0,0,0,0,0,0,0,1,1,0
Phylloscopus coronatus,0,0,0,0,1,0,0,0,0,1,0
Phylloscopus omeiensis,0,0,0,0,0,1,0,0,0,1,0
Phylloscopus soror,0,0,0,0,0,1,0,0,0,1,0
Urosphena pallidipes,0,0,0,0,0,1,0,0,1,0,0
Locustella idonea,0,0,0,0,0,1,0,0,1,0,0
Locustella thoracica,0,0,0,0,0,0,0,0,1,1,0
Locustella major,0,0,0,0,0,0,1,0,1,0,0
Locustella naevia,0,1,0,0,0,0,1,0,0,0,0
Locustella luscinioides,0,1,0,0,0,0,0,1,0,0,0
Locustella lanceolata,0,1,0,0,1,0,0,0,0,0,0
Helopsaltes amnicola,0,1,0,0,1,0,0,0,0,0,0
Acritillas indica,0,0,0,0,0,1,0,0,0,0,0
Actinodura ramsayi,0,0,0,0,0,1,0,0,0,0,0
Aegithalos bonvaloti,0,0,0,0,0,0,0,0,0,1,0
Aegithalos iouschistos,0,0,0,0,0,0,0,0,1,0,0
Aegithalos niveogularis,0,0,0,0,0,0,0,0,1,0,0
Afropavo congensis,0,0,1,0,0,0,0,0,0,0,0
Alcippe brunneicauda,0,0,0,0,0,1,0,0,0,0,0
Alcippe grotei,0,0,0,0,0,1,0,0,0,0,0
Alcippe morrisonia,0,0,0,0,0,1,0,0,0,0,0
Alcippe peracensis,0,0,0,0,0,1,0,0,0,0,0
Alcippe poioicephala,0,0,0,0,0,1,0,0,0,0,0
Alcippe pyrrhoptera,0,0,0,0,0,1,0,0,0,0,0
Alectoris barbara,0,0,1,0,0,0,0,0,0,0,0
Alectoris graeca,0,1,0,0,0,0,0,0,0,0,0
Alectoris melanocephala,0,0,0,0,0,0,0,1,0,0,0
Alectoris philbyi,0,0,0,0,0,0,0,1,0,0,0
Alectoris rufa,0,1,0,0,0,0,0,0,0,0,0
Alethe castanea,0,0,1,0,0,0,0,0,0,0,0
Alethe diademata,0,0,1,0,0,0,0,0,0,0,0
Alophoixus bres,0,0,0,0,0,1,0,0,0,0,0
Alophoixus frater,0,0,0,0,0,1,0,0,0,0,0
Alophoixus ochraceus,0,0,0,0,0,1,0,0,0,0,0
Alophoixus pallidus,0,0,0,0,0,1,0,0,0,0,0
Alophoixus phaeocephalus,0,0,0,0,0,1,0,0,0,0,0
Andropadus importunus,0,0,1,0,0,0,0,0,0,0,0
Anthipes solitaris,0,0,0,0,0,1,0,0,0,0,0
Aphelocoma californica,0,0,0,1,0,0,0,0,0,0,0
Aphelocoma coerulescens,0,0,0,1,0,0,0,0,0,0,0
Aphelocoma ultramarina,0,0,0,1,0,0,0,0,0,0,0
Aphelocoma unicolor,0,0,0,1,0,0,0,0,0,0,0
Arborophila ardens,0,0,0,0,0,1,0,0,0,0,0
Arborophila brunneopectus,0,0,0,0,0,1,0,0,0,0,0
Arborophila crudigularis,0,0,0,0,0,1,0,0,0,0,0
Arborophila gingica,0,0,0,0,0,1,0,0,0,0,0
Arborophila javanica,0,0,0,0,0,1,0,0,0,0,0
Arborophila rufipectus,0,0,0,0,0,0,0,0,0,1,0
Argusianus argus,0,0,0,0,0,1,0,0,0,0,0
Argya altirostris,0,0,0,0,0,0,0,1,0,0,0
Argya aylmeri,0,0,1,0,0,0,0,0,0,0,0
Argya fulva,0,0,1,0,0,0,0,0,0,0,0
Argya malcolmi,0,0,0,0,0,1,0,0,0,0,0
Argya rubiginosa,0,0,1,0,0,0,0,0,0,0,0
Argya squamiceps,0,0,0,0,0,0,0,1,0,0,0
Argya subrufa,0,0,0,0,0,1,0,0,0,0,0
Arizelocichla chlorigula,0,0,1,0,0,0,0,0,0,0,0
Arizelocichla fusciceps,0,0,1,0,0,0,0,0,0,0,0
Arizelocichla masukuensis,0,0,1,0,0,0,0,0,0,0,0
Arizelocichla milanjensis,0,0,1,0,0,0,0,0,0,0,0
Arizelocichla neumanni,0,0,1,0,0,0,0,0,0,0,0
Arizelocichla nigriceps,0,0,1,0,0,0,0,0,0,0,0
Arizelocichla striifacies,0,0,1,0,0,0,0,0,0,0,0
Arizelocichla tephrolaema,0,0,1,0,0,0,0,0,0,0,0
Atimastillas flavicollis,0,0,1,0,0,0,0,0,0,0,0
Baeolophus atricristatus,0,0,0,1,0,0,0,0,0,0,0
Baeolophus bicolor,0,0,0,1,0,0,0,0,0,0,0
Baeolophus inornatus,0,0,0,1,0,0,0,0,0,0,0
Baeolophus ridgwayi,0,0,0,1,0,0,0,0,0,0,0
Baeolophus wollweberi,0,0,0,1,0,0,0,0,0,0,0
Baeopogon clamans,0,0,1,0,0,0,0,0,0,0,0
Baeopogon indicator,0,0,1,0,0,0,0,0,0,0,0
Bambusicola fytchii,0,0,0,0,0,1,0,0,0,0,0
Bambusicola sonorivox,0,0,0,0,0,1,0,0,0,0,0
Bleda canicapillus,0,0,1,0,0,0,0,0,0,0,0
Bleda eximius,0,0,1,0,0,0,0,0,0,0,0
Bleda notatus,0,0,1,0,0,0,0,0,0,0,0
Bleda syndactylus,0,0,1,0,0,0,0,0,0,0,0
Blythipicus rubiginosus,0,0,0,0,0,1,0,0,0,0,0
Bonasa umbellus,0,0,0,1,0,0,0,0,0,0,0
Brachypodius priocephalus,0,0,0,0,0,1,0,0,0,0,0
Brachypteryx goodfellowi,0,0,0,0,0,1,0,0,0,0,0
Brachypteryx hyperythra,0,0,0,0,0,0,0,0,1,0,0
Brachypteryx montana,0,0,0,0,0,1,0,0,0,0,0
Bradypterus baboecala,0,0,1,0,0,0,0,0,0,0,0
Bradypterus bangwaensis,0,0,1,0,0,0,0,0,0,0,0
Bradypterus brunneus,0,0,1,0,0,0,0,0,0,0,0
Bradypterus carpalis,0,0,1,0,0,0,0,0,0,0,0
Bradypterus cinnamomeus,0,0,1,0,0,0,0,0,0,0,0
Bradypterus graueri,0,0,1,0,0,0,0,0,0,0,0
Bradypterus lopezi,0,0,1,0,0,0,0,0,0,0,0
Callacanthis burtoni,0,0,0,0,0,0,0,0,1,0,0
Caloperdix oculeus,0,0,0,0,0,1,0,0,0,0,0
Calyptocichla serinus,0,0,1,0,0,0,0,0,0,0,0
Campephaga flava,0,0,1,0,0,0,0,0,0,0,0
Campephaga petiti,0,0,1,0,0,0,0,0,0,0,0
Campephilus gayaquilensis,0,0,0,1,0,0,0,0,0,0,0
Campephilus guatemalensis,0,0,0,1,0,0,0,0,0,0,0
Campephilus haematogaster,0,0,0,1,0,0,0,0,0,0,0
Campephilus imperialis,0,0,0,1,0,0,0,0,0,0,0
Campephilus leucopogon,0,0,0,1,0,0,0,0,0,0,0
Campephilus magellanicus,0,0,0,1,0,0,0,0,0,0,0
Campephilus melanoleucos,0,0,0,1,0,0,0,0,0,0,0
Campephilus pollens,0,0,0,1,0,0,0,0,0,0,0
Campephilus principalis,0,0,0,1,0,0,0,0,0,0,0
Campephilus rubricollis,0,0,0,1,0,0,0,0,0,0,0
Campethera abingoni,0,0,1,0,0,0,0,0,0,0,0
Campethera bennettii,0,0,1,0,0,0,0,0,0,0,0
Campethera cailliautii,0,0,1,0,0,0,0,0,0,0,0
Campethera maculosa,0,0,1,0,0,0,0,0,0,0,0
Campethera mombassica,0,0,1,0,0,0,0,0,0,0,0
Campethera notata,0,0,1,0,0,0,0,0,0,0,0
Campethera nubica,0,0,1,0,0,0,0,0,0,0,0
Campethera punctuligera,0,0,1,0,0,0,0,0,0,0,0
Campethera scriptoricauda,0,0,1,0,0,0,0,0,0,0,0
Campethera tullbergi,0,0,1,0,0,0,0,0,0,0,0
Campicoloides bifasciatus,0,0,1,0,0,0,0,0,0,0,0
Campochaera sloetii,1,0,0,0,0,0,0,0,0,0,0
Carduelis citrinella,0,1,0,0,0,0,0,0,0,0,0
Carpodacus formosanus,0,0,0,0,0,1,0,0,0,0,0
Carpodacus roborowskii,0,0,0,0,0,0,0,0,0,0,1
Carpodacus rodochroa,0,0,0,0,0,0,0,0,1,0,0
Carpodacus sillemi,0,0,0,0,0,0,0,0,0,0,1
Carpodacus thura,0,0,0,0,0,0,0,0,1,0,0
Carpodacus trifasciatus,0,0,0,0,0,0,0,0,0,1,0
Catharus aurantiirostris,0,0,0,1,0,0,0,0,0,0,0
Catharus dryas,0,0,0,1,0,0,0,0,0,0,0
Catharus frantzii,0,0,0,1,0,0,0,0,0,0,0
Catharus fuscater,0,0,0,1,0,0,0,0,0,0,0
Catharus gracilirostris,0,0,0,1,0,0,0,0,0,0,0
Catharus guttatus,0,0,0,1,0,0,0,0,0,0,0
Catharus mexicanus,0,0,0,1,0,0,0,0,0,0,0
Catharus occidentalis,0,0,0,1,0,0,0,0,0,0,0
Catreus wallichii,0,0,0,0,0,0,0,0,1,0,0
Ceblepyris graueri,0,0,1,0,0,0,0,0,0,0,0
Ceblepyris pectoralis,0,0,1,0,0,0,0,0,0,0,0
Celebesica abbotti,0,0,0,0,0,1,0,0,0,0,0
Celeus castaneus,0,0,0,1,0,0,0,0,0,0,0
Celeus elegans,0,0,0,1,0,0,0,0,0,0,0
Celeus flavescens,0,0,0,1,0,0,0,0,0,0,0
Celeus flavus,0,0,0,1,0,0,0,0,0,0,0
Celeus grammicus,0,0,0,1,0,0,0,0,0,0,0
Celeus loricatus,0,0,0,1,0,0,0,0,0,0,0
Celeus lugubris,0,0,0,1,0,0,0,0,0,0,0
Celeus obrieni,0,0,0,1,0,0,0,0,0,0,0
Celeus spectabilis,0,0,0,1,0,0,0,0,0,0,0
Celeus torquatus,0,0,0,1,0,0,0,0,0,0,0
Celeus undatus,0,0,0,1,0,0,0,0,0,0,0
Centrocercus minimus,0,0,0,1,0,0,0,0,0,0,0
Centrocercus urophasianus,0,0,0,1,0,0,0,0,0,0,0
Cercotrichas galactotes,0,0,1,0,0,0,0,0,0,0,0
Cercotrichas hartlaubi,0,0,1,0,0,0,0,0,0,0,0
Cercotrichas leucophrys,0,0,1,0,0,0,0,0,0,0,0
Cercotrichas paena,0,0,1,0,0,0,0,0,0,0,0
Certhia americana,0,0,0,1,0,0,0,0,0,0,0
Certhia brachydactyla,0,1,0,0,0,0,0,0,0,0,0
Certhia discolor,0,0,0,0,0,0,0,0,1,0,0
Certhia manipurensis,0,0,0,0,0,1,0,0,0,0,0
Certhia nipalensis,0,0,0,0,0,0,0,0,1,0,0
Certhia tianquanensis,0,0,0,0,0,0,0,0,0,1,0
Chamaea fasciata,0,0,0,1,0,0,0,0,0,0,0
Chamaetylas choloensis,0,0,1,0,0,0,0,0,0,0,0
Chamaetylas fuelleborni,0,0,1,0,0,0,0,0,0,0,0
Chamaetylas poliocephala,0,0,1,0,0,0,0,0,0,0,0
Chamaetylas poliophrys,0,0,1,0,0,0,0,0,0,0,0
Chlamydochaera jefferyi,0,0,0,0,0,1,0,0,0,0,0
Chloris monguilloti,0,0,0,0,0,1,0,0,0,0,0
Chlorocichla falkensteini,0,0,1,0,0,0,0,0,0,0,0
Chlorocichla flaviventris,0,0,1,0,0,0,0,0,0,0,0
Chlorocichla simplex,0,0,1,0,0,0,0,0,0,0,0
Chlorodrepanis stejnegeri,0,0,0,1,0,0,0,0,0,0,0
Chlorodrepanis virens,0,0,0,1,0,0,0,0,0,0,0
Chlorophonia cyanea,0,0,0,1,0,0,0,0,0,0,0
Chlorophonia flavirostris,0,0,0,1,0,0,0,0,0,0,0
Chlorophonia occipitalis,0,0,0,1,0,0,0,0,0,0,0
Chrysocolaptes haematribon,0,0,0,0,0,1,0,0,0,0,0
Chrysocolaptes lucidus,0,0,0,0,0,1,0,0,0,0,0
Chrysophlegma mentale,0,0,0,0,0,1,0,0,0,0,0
Chrysophlegma miniaceum,0,0,0,0,0,1,0,0,0,0,0
Cichladusa guttata,0,0,1,0,0,0,0,0,0,0,0
Cichlopsis leucogenys,0,0,0,1,0,0,0,0,0,0,0
Cincloramphus cruralis,1,0,0,0,0,0,0,0,0,0,0
Cincloramphus macrurus,1,0,0,0,0,0,0,0,0,0,0
Cincloramphus mathewsi,1,0,0,0,0,0,0,0,0,0,0
Cissa hypoleuca,0,0,0,0,0,1,0,0,0,0,0
Cissa jefferyi,0,0,0,0,0,1,0,0,0,0,0
Cissa thalassina,0,0,0,0,0,1,0,0,0,0,0
Colaptes atricollis,0,0,0,1,0,0,0,0,0,0,0
Colaptes auratus,0,0,0,1,0,0,0,0,0,0,0
Colaptes auricularis,0,0,0,1,0,0,0,0,0,0,0
Colaptes campestris,0,0,0,1,0,0,0,0,0,0,0
Colaptes chrysoides,0,0,0,1,0,0,0,0,0,0,0
Colaptes fernandinae,0,0,0,1,0,0,0,0,0,0,0
Colaptes melanochloros,0,0,0,1,0,0,0,0,0,0,0
Colaptes pitius,0,0,0,1,0,0,0,0,0,0,0
Colaptes punctigula,0,0,0,1,0,0,0,0,0,0,0
Colaptes rivolii,0,0,0,1,0,0,0,0,0,0,0
Colaptes rubiginosus,0,0,0,1,0,0,0,0,0,0,0
Colaptes rupicola,0,0,0,1,0,0,0,0,0,0,0
Copsychus albospecularis,0,0,1,0,0,0,0,0,0,0,0
Copsychus mindanensis,0,0,0,0,0,1,0,0,0,0,0
Coracina atriceps,0,0,0,0,0,1,0,0,0,0,0
Coracina bicolor,0,0,0,0,0,1,0,0,0,0,0
Coracina boyeri,1,0,0,0,0,0,0,0,0,0,0
Coracina caeruleogrisea,1,0,0,0,0,0,0,0,0,0,0
Coracina caledonica,1,0,0,0,0,0,0,0,0,0,0
Coracina larvata,0,0,0,0,0,1,0,0,0,0,0
Coracina leucopygia,0,0,0,0,0,1,0,0,0,0,0
Coracina lineata,1,0,0,0,0,0,0,0,0,0,0
Coracina longicauda,1,0,0,0,0,0,0,0,0,0,0
Coracina macei,0,0,0,0,0,1,0,0,0,0,0
Coracina maxima,1,0,0,0,0,0,0,0,0,0,0
Coracina novaehollandiae,1,0,0,0,0,0,0,0,0,0,0
Coracina papuensis,1,0,0,0,0,0,0,0,0,0,0
Coracina personata,0,0,0,0,0,1,0,0,0,0,0
Coracina striata,0,0,0,0,0,1,0,0,0,0,0
Coracina temminckii,0,0,0,0,0,1,0,0,0,0,0
Coracina welchmani,1,0,0,0,0,0,0,0,0,0,0
Corvus albicollis,0,0,1,0,0,0,0,0,0,0,0
Corvus albus,0,0,1,0,0,0,0,0,0,0,0
Corvus bennetti,1,0,0,0,0,0,0,0,0,0,0
Corvus brachyrhynchos,0,0,0,1,0,0,0,0,0,0,0
Corvus capensis,0,0,1,0,0,0,0,0,0,0,0
Corvus coronoides,1,0,0,0,0,0,0,0,0,0,0
Corvus crassirostris,0,0,1,0,0,0,0,0,0,0,0
Corvus cryptoleucus,0,0,0,1,0,0,0,0,0,0,0
Corvus edithae,0,0,1,0,0,0,0,0,0,0,0
Corvus enca,0,0,0,0,0,1,0,0,0,0,0
Corvus florensis,0,0,0,0,0,1,0,0,0,0,0
Corvus hawaiiensis,0,0,0,1,0,0,0,0,0,0,0
Corvus imparatus,0,0,0,1,0,0,0,0,0,0,0
Corvus insularis,1,0,0,0,0,0,0,0,0,0,0
Corvus jamaicensis,0,0,0,1,0,0,0,0,0,0,0
Corvus leucognaphalus,0,0,0,1,0,0,0,0,0,0,0
Corvus meeki,1,0,0,0,0,0,0,0,0,0,0
Corvus mellori,1,0,0,0,0,0,0,0,0,0,0
Corvus moneduloides,1,0,0,0,0,0,0,0,0,0,0
Corvus nasicus,0,0,0,1,0,0,0,0,0,0,0
Corvus orru,1,0,0,0,0,0,0,0,0,0,0
Corvus ossifragus,0,0,0,1,0,0,0,0,0,0,0
Corvus palmarum,0,0,0,1,0,0,0,0,0,0,0
Corvus sinaloae,0,0,0,1,0,0,0,0,0,0,0
Corvus tasmanicus,1,0,0,0,0,0,0,0,0,0,0
Corvus tristis,1,0,0,0,0,0,0,0,0,0,0
Corvus typicus,0,0,0,0,0,1,0,0,0,0,0
Corvus validus,0,0,0,0,0,1,0,0,0,0,0
Corvus violaceus,0,0,0,0,0,1,0,0,0,0,0
Corvus woodfordi,1,0,0,0,0,0,0,0,0,0,0
Cossypha albicapillus,0,0,1,0,0,0,0,0,0,0,0
Cossypha cyanocampter,0,0,1,0,0,0,0,0,0,0,0
Cossypha dichroa,0,0,1,0,0,0,0,0,0,0,0
Cossypha heuglini,0,0,1,0,0,0,0,0,0,0,0
Cossypha natalensis,0,0,1,0,0,0,0,0,0,0,0
Cossypha niveicapilla,0,0,1,0,0,0,0,0,0,0,0
Cossypha semirufa,0,0,1,0,0,0,0,0,0,0,0
Cossyphicula roberti,0,0,1,0,0,0,0,0,0,0,0
Coturnix novaezelandiae,1,0,0,0,0,0,0,0,0,0,0
Coturnix pectoralis,1,0,0,0,0,0,0,0,0,0,0
Criniger barbatus,0,0,1,0,0,0,0,0,0,0,0
Criniger calurus,0,0,1,0,0,0,0,0,0,0,0
Criniger chloronotus,0,0,1,0,0,0,0,0,0,0,0
Criniger ndussumensis,0,0,1,0,0,0,0,0,0,0,0
Criniger olivaceus,0,0,1,0,0,0,0,0,0,0,0
Crithagra albogularis,0,0,1,0,0,0,0,0,0,0,0
Crithagra atrogularis,0,0,1,0,0,0,0,0,0,0,0
Crithagra burtoni,0,0,1,0,0,0,0,0,0,0,0
Crithagra capistrata,0,0,1,0,0,0,0,0,0,0,0
Crithagra citrinelloides,0,0,1,0,0,0,0,0,0,0,0
Crithagra citrinipectus,0,0,1,0,0,0,0,0,0,0,0
Crithagra dorsostriata,0,0,1,0,0,0,0,0,0,0,0
Crithagra flaviventris,0,0,1,0,0,0,0,0,0,0,0
Crithagra gularis,0,0,1,0,0,0,0,0,0,0,0
Crithagra hyposticta,0,0,1,0,0,0,0,0,0,0,0
Crithagra leucopygia,0,0,1,0,0,0,0,0,0,0,0
Crithagra mennelli,0,0,1,0,0,0,0,0,0,0,0
Crithagra mozambica,0,0,1,0,0,0,0,0,0,0,0
Crithagra reichardi,0,0,1,0,0,0,0,0,0,0,0
Crithagra striolata,0,0,1,0,0,0,0,0,0,0,0
Crithagra sulphurata,0,0,1,0,0,0,0,0,0,0,0
Crossoptilon crossoptilon,0,0,0,0,0,0,0,0,0,1,0
Crossoptilon harmani,0,0,0,0,0,0,0,0,1,0,0
Crossoptilon mantchuricum,0,0,0,0,1,0,0,0,0,0,0
Crypsirina temia,0,0,0,0,0,1,0,0,0,0,0
Cutia legalleni,0,0,0,0,0,1,0,0,0,0,0
Cyanistes teneriffae,0,0,1,0,0,0,0,0,0,0,0
Cyanocitta cristata,0,0,0,1,0,0,0,0,0,0,0
Cyanocitta stelleri,0,0,0,1,0,0,0,0,0,0,0
Cyanocorax affinis,0,0,0,1,0,0,0,0,0,0,0
Cyanocorax beecheii,0,0,0,1,0,0,0,0,0,0,0
Cyanocorax cayanus,0,0,0,1,0,0,0,0,0,0,0
Cyanocorax chrysops,0,0,0,1,0,0,0,0,0,0,0
Cyanocorax cristatellus,0,0,0,1,0,0,0,0,0,0,0
Cyanocorax cyanomelas,0,0,0,1,0,0,0,0,0,0,0
Cyanocorax cyanopogon,0,0,0,1,0,0,0,0,0,0,0
Cyanocorax dickeyi,0,0,0,1,0,0,0,0,0,0,0
Cyanocorax heilprini,0,0,0,1,0,0,0,0,0,0,0
Cyanocorax melanocyaneus,0,0,0,1,0,0,0,0,0,0,0
Cyanocorax mystacalis,0,0,0,1,0,0,0,0,0,0,0
Cyanocorax sanblasianus,0,0,0,1,0,0,0,0,0,0,0
Cyanocorax violaceus,0,0,0,1,0,0,0,0,0,0,0
Cyanocorax yncas,0,0,0,1,0,0,0,0,0,0,0
Cyanocorax yucatanicus,0,0,0,1,0,0,0,0,0,0,0
Cyanoderma erythropterum,0,0,0,0,0,1,0,0,0,0,0
Cyanoderma melanothorax,0,0,0,0,0,1,0,0,0,0,0
Cyanoderma pyrrhops,0,0,0,0,0,0,0,0,1,0,0
Cyanograucalus azureus,0,0,1,0,0,0,0,0,0,0,0
Cyanolyca argentigula,0,0,0,1,0,0,0,0,0,0,0
Cyanolyca armillata,0,0,0,1,0,0,0,0,0,0,0
Cyanolyca cucullata,0,0,0,1,0,0,0,0,0,0,0
Cyanolyca mirabilis,0,0,0,1,0,0,0,0,0,0,0
Cyanolyca nanus,0,0,0,1,0,0,0,0,0,0,0
Cyanolyca pulchra,0,0,0,1,0,0,0,0,0,0,0
Cyanolyca pumilo,0,0,0,1,0,0,0,0,0,0,0
Cyanolyca turcosa,0,0,0,1,0,0,0,0,0,0,0
Cyanolyca viridicyanus,0,0,0,1,0,0,0,0,0,0,0
Cyornis caerulatus,0,0,0,0,0,1,0,0,0,0,0
Cyornis concretus,0,0,0,0,0,1,0,0,0,0,0
Cyornis hainanus,0,0,0,0,0,1,0,0,0,0,0
Cyornis herioti,0,0,0,0,0,1,0,0,0,0,0
Cyornis olivaceus,0,0,0,0,0,1,0,0,0,0,0
Cyornis omissus,0,0,0,0,0,1,0,0,0,0,0
Cyornis pallidipes,0,0,0,0,0,1,0,0,0,0,0
Cyornis rubeculoides,0,0,0,0,0,1,0,0,0,0,0
Cyornis ruficauda,0,0,0,0,0,1,0,0,0,0,0
Cyornis rufigastra,0,0,0,0,0,1,0,0,0,0,0
Cyornis superbus,0,0,0,0,0,1,0,0,0,0,0
Cyornis tickelliae,0,0,0,0,0,1,0,0,0,0,0
Cyornis turcosus,0,0,0,0,0,1,0,0,0,0,0
Cyornis umbratilis,0,0,0,0,0,1,0,0,0,0,0
Dendragapus fuliginosus,0,0,0,1,0,0,0,0,0,0,0
Dendragapus obscurus,0,0,0,1,0,0,0,0,0,0,0
Dendrocitta cinerascens,0,0,0,0,0,1,0,0,0,0,0
Dendrocopos assimilis,0,0,0,0,0,0,0,1,0,0,0
Dendrocopos atratus,0,0,0,0,0,1,0,0,0,0,0
Dendrocopos himalayensis,0,0,0,0,0,0,0,0,1,0,0
Dendroperdix sephaena,0,0,1,0,0,0,0,0,0,0,0
Dendropicos abyssinicus,0,0,1,0,0,0,0,0,0,0,0
Dendropicos elachus,0,0,1,0,0,0,0,0,0,0,0
Dendropicos elliotii,0,0,1,0,0,0,0,0,0,0,0
Dendropicos fuscescens,0,0,1,0,0,0,0,0,0,0,0
Dendropicos gabonensis,0,0,1,0,0,0,0,0,0,0,0
Dendropicos goertae,0,0,1,0,0,0,0,0,0,0,0
Dendropicos griseocephalus,0,0,1,0,0,0,0,0,0,0,0
Dendropicos obsoletus,0,0,1,0,0,0,0,0,0,0,0
Dendropicos poecilolaemus,0,0,1,0,0,0,0,0,0,0,0
Dendropicos stierlingi,0,0,1,0,0,0,0,0,0,0,0
Dicrurus adsimilis,0,0,1,0,0,0,0,0,0,0,0
Dicrurus atripennis,0,0,1,0,0,0,0,0,0,0,0
Dicrurus balicassius,0,0,0,0,0,1,0,0,0,0,0
Dicrurus bracteatus,1,0,0,0,0,0,0,0,0,0,0
Dicrurus forficatus,0,0,1,0,0,0,0,0,0,0,0
Dicrurus ludwigii,0,0,1,0,0,0,0,0,0,0,0
Dicrurus megarhynchus,1,0,0,0,0,0,0,0,0,0,0
Dicrurus modestus,0,0,1,0,0,0,0,0,0,0,0
Dicrurus sumatranus,0,0,0,0,0,1,0,0,0,0,0
Dinopium javanense,0,0,0,0,0,1,0,0,0,0,0
Dryobates nuttallii,0,0,0,1,0,0,0,0,0,0,0
Dryobates pubescens,0,0,0,1,0,0,0,0,0,0,0
Dryobates scalaris,0,0,0,1,0,0,0,0,0,0,0
Dumetia hyperythra,0,0,0,0,0,1,0,0,0,0,0
Edolisoma anale,1,0,0,0,0,0,0,0,0,0,0
Edolisoma ceramense,0,0,0,0,0,1,0,0,0,0,0
Edolisoma coerulescens,0,0,0,0,0,1,0,0,0,0,0
Edolisoma dohertyi,0,0,0,0,0,1,0,0,0,0,0
Edolisoma holopolium,1,0,0,0,0,0,0,0,0,0,0
Edolisoma incertum,1,0,0,0,0,0,0,0,0,0,0
Edolisoma melas,1,0,0,0,0,0,0,0,0,0,0
Edolisoma mindanense,0,0,0,0,0,1,0,0,0,0,0
Edolisoma montanum,1,0,0,0,0,0,0,0,0,0,0
Edolisoma morio,0,0,0,0,0,1,0,0,0,0,0
Edolisoma ostentum,0,0,0,0,0,1,0,0,0,0,0
Edolisoma parvulum,0,0,0,0,0,1,0,0,0,0,0
Edolisoma remotum,1,0,0,0,0,0,0,0,0,0,0
Edolisoma salomonis,1,0,0,0,0,0,0,0,0,0,0
Edolisoma schisticeps,1,0,0,0,0,0,0,0,0,0,0
Edolisoma tenuirostre,1,0,0,0,0,0,0,0,0,0,0
Elaphrornis palliseri,0,0,0,0,0,1,0,0,0,0,0
Emarginata schlegelii,0,0,1,0,0,0,0,0,0,0,0
Emarginata sinuata,0,0,1,0,0,0,0,0,0,0,0
Emarginata tractrac,0,0,1,0,0,0,0,0,0,0,0
Enicurus ruficapillus,0,0,0,0,0,1,0,0,0,0,0
Entomodestes coracinus,0,0,0,1,0,0,0,0,0,0,0
Entomodestes leucotis,0,0,0,1,0,0,0,0,0,0,0
Eophona personata,0,0,0,0,1,0,0,0,0,0,0
Erithacus rubecula,0,1,0,0,0,0,0,0,0,0,0
Erythrogenys erythrocnemis,0,0,0,0,0,1,0,0,0,0,0
Erythrogenys hypoleucos,0,0,0,0,0,1,0,0,0,0,0
Erythrogenys swinhoei,0,0,0,0,0,1,0,0,0,0,0
Eumyias additus,0,0,0,0,0,1,0,0,0,0,0
Eumyias albicaudatus,0,0,0,0,0,1,0,0,0,0,0
Eumyias indigo,0,0,0,0,0,1,0,0,0,0,0
Eumyias panayensis,0,0,0,0,0,1,0,0,0,0,0
Euphonia affinis,0,0,0,1,0,0,0,0,0,0,0
Euphonia cayennensis,0,0,0,1,0,0,0,0,0,0,0
Euphonia chlorotica,0,0,0,1,0,0,0,0,0,0,0
Euphonia cyanocephala,0,0,0,1,0,0,0,0,0,0,0
Euphonia elegantissima,0,0,0,1,0,0,0,0,0,0,0
Euphonia finschi,0,0,0,1,0,0,0,0,0,0,0
Euphonia fulvicrissa,0,0,0,1,0,0,0,0,0,0,0
Euphonia gouldi,0,0,0,1,0,0,0,0,0,0,0
Euphonia hirundinacea,0,0,0,1,0,0,0,0,0,0,0
Euphonia laniirostris,0,0,0,1,0,0,0,0,0,0,0
Euphonia luteicapilla,0,0,0,1,0,0,0,0,0,0,0
Euphonia minuta,0,0,0,1,0,0,0,0,0,0,0
Euphonia musica,0,0,0,1,0,0,0,0,0,0,0
Euphonia pectoralis,0,0,0,1,0,0,0,0,0,0,0
Euphonia plumbea,0,0,0,1,0,0,0,0,0,0,0
Euphonia rufiventris,0,0,0,1,0,0,0,0,0,0,0
Euphonia violacea,0,0,0,1,0,0,0,0,0,0,0
Euphonia xanthogaster,0,0,0,1,0,0,0,0,0,0,0
Euptilotus eutilotus,0,0,0,0,0,1,0,0,0,0,0
Eurillas ansorgei,0,0,1,0,0,0,0,0,0,0,0
Eurillas curvirostris,0,0,1,0,0,0,0,0,0,0,0
Eurillas gracilis,0,0,1,0,0,0,0,0,0,0,0
Eurillas latirostris,0,0,1,0,0,0,0,0,0,0,0
Eurillas virens,0,0,1,0,0,0,0,0,0,0,0
Falcipennis canadensis,0,0,0,1,0,0,0,0,0,0,0
Falcipennis falcipennis,0,1,0,0,0,0,0,0,0,0,0
Ficedula basilanica,0,0,0,0,0,1,0,0,0,0,0
Ficedula buruensis,0,0,0,0,0,1,0,0,0,0,0
Ficedula crypta,0,0,0,0,0,1,0,0,0,0,0
Ficedula disposita,0,0,0,0,0,1,0,0,0,0,0
Ficedula dumetoria,0,0,0,0,0,1,0,0,0,0,0
Ficedula harterti,0,0,0,0,0,1,0,0,0,0,0
Ficedula luzoniensis,0,0,0,0,0,1,0,0,0,0,0
Ficedula nigrorufa,0,0,0,0,0,1,0,0,0,0,0
Ficedula platenae,0,0,0,0,0,1,0,0,0,0,0
Ficedula rufigula,0,0,0,0,0,1,0,0,0,0,0
Ficedula timorensis,0,0,0,0,0,1,0,0,0,0,0
Francolinus pictus,0,0,0,0,0,1,0,0,0,0,0
Francolinus pintadeanus,0,0,0,0,0,1,0,0,0,0,0
Fraseria cinerascens,0,0,1,0,0,0,0,0,0,0,0
Fraseria ocreata,0,0,1,0,0,0,0,0,0,0,0
Fringilla coelebs,0,1,0,0,0,0,0,0,0,0,0
Fringilla montifringilla,0,1,0,0,0,0,0,0,0,0,0
Fulvetta formosana,0,0,0,0,0,1,0,0,0,0,0
Fulvetta ludlowi,0,0,0,0,0,0,0,0,1,0,0
Galloperdix lunulata,0,0,0,0,0,1,0,0,0,0,0
Gallus lafayettii,0,0,0,0,0,1,0,0,0,0,0
Gallus sonneratii,0,0,0,0,0,1,0,0,0,0,0
Gallus varius,0,0,0,0,0,1,0,0,0,0,0
Gampsorhynchus torquatus,0,0,0,0,0,1,0,0,0,0,0
Garrulax annamensis,0,0,0,0,0,1,0,0,0,0,0
Garrulax bicolor,0,0,0,0,0,1,0,0,0,0,0
Garrulax castanotis,0,0,0,0,0,1,0,0,0,0,0
Garrulax merulinus,0,0,0,0,0,1,0,0,0,0,0
Garrulax milleti,0,0,0,0,0,1,0,0,0,0,0
Garrulax palliatus,0,0,0,0,0,1,0,0,0,0,0
Garrulax rufifrons,0,0,0,0,0,1,0,0,0,0,0
Garrulax strepitans,0,0,0,0,0,1,0,0,0,0,0
Garrulax taewanus,0,0,0,0,0,1,0,0,0,0,0
Geocolaptes olivaceus,0,0,1,0,0,0,0,0,0,0,0
Geokichla cinerea,0,0,0,0,0,1,0,0,0,0,0
Geokichla crossleyi,0,0,1,0,0,0,0,0,0,0,0
Geokichla dohertyi,0,0,0,0,0,1,0,0,0,0,0
Geokichla erythronota,0,0,0,0,0,1,0,0,0,0,0
Geokichla gurneyi,0,0,1,0,0,0,0,0,0,0,0
Geokichla guttata,0,0,1,0,0,0,0,0,0,0,0
Geokichla interpres,0,0,0,0,0,1,0,0,0,0,0
Geokichla oberlaenderi,0,0,1,0,0,0,0,0,0,0,0
Geokichla peronii,0,0,0,0,0,1,0,0,0,0,0
Geokichla piaggiae,0,0,1,0,0,0,0,0,0,0,0
Geokichla princei,0,0,1,0,0,0,0,0,0,0,0
Geokichla spiloptera,0,0,0,0,0,1,0,0,0,0,0
Graminicola striatus,0,0,0,0,0,1,0,0,0,0,0
Grammatoptila striata,0,0,0,0,0,0,0,0,1,0,0
Gymnorhinus cyanocephalus,0,0,0,1,0,0,0,0,0,0,0
Haematortyx sanguiniceps,0,0,0,0,0,1,0,0,0,0,0
Haemorhous cassinii,0,0,0,1,0,0,0,0,0,0,0
Haemorhous mexicanus,0,0,0,1,0,0,0,0,0,0,0
Haemorhous purpureus,0,0,0,1,0,0,0,0,0,0,0
Heinrichia calligyna,0,0,0,0,0,1,0,0,0,0,0
Hemicircus canente,0,0,0,0,0,1,0,0,0,0,0
Hemicircus concretus,0,0,0,0,0,1,0,0,0,0,0
Hemixos castanonotus,0,0,0,0,0,1,0,0,0,0,0
Hemixos cinereus,0,0,0,0,0,1,0,0,0,0,0
Hesperiphona vespertina,0,0,0,1,0,0,0,0,0,0,0
Heterophasia auricularis,0,0,0,0,0,1,0,0,0,0,0
Heterophasia capistrata,0,0,0,0,0,0,0,0,1,0,0
Heterophasia melanoleuca,0,0,0,0,0,1,0,0,0,0,0
Himatione sanguinea,0,0,0,1,0,0,0,0,0,0,0
Horornis diphone,0,0,0,0,1,0,0,0,0,0,0
Horornis parens,1,0,0,0,0,0,0,0,0,0,0
Horornis seebohmi,0,0,0,0,0,1,0,0,0,0,0
Hypsipetes amaurotis,0,0,0,0,1,0,0,0,0,0,0
Hypsipetes everetti,0,0,0,0,0,1,0,0,0,0,0
Hypsipetes madagascariensis,0,0,1,0,0,0,0,0,0,0,0
Hypsipetes philippinus,0,0,0,0,0,1,0,0,0,0,0
Hypsipetes rufigularis,0,0,0,0,0,1,0,0,0,0,0
Hypsipetes siquijorensis,0,0,0,0,0,1,0,0,0,0,0
Illadopsis albipectus,0,0,1,0,0,0,0,0,0,0,0
Illadopsis cleaveri,0,0,1,0,0,0,0,0,0,0,0
Illadopsis fulvescens,0,0,1,0,0,0,0,0,0,0,0
Illadopsis puveli,0,0,1,0,0,0,0,0,0,0,0
Illadopsis pyrrhoptera,0,0,1,0,0,0,0,0,0,0,0
Illadopsis rufescens,0,0,1,0,0,0,0,0,0,0,0
Illadopsis rufipennis,0,0,1,0,0,0,0,0,0,0,0
Illadopsis turdina,0,0,1,0,0,0,0,0,0,0,0
Iole charlottae,0,0,0,0,0,1,0,0,0,0,0
Iole palawanensis,0,0,0,0,0,1,0,0,0,0,0
Iole propinqua,0,0,0,0,0,1,0,0,0,0,0
Iole viridescens,0,0,0,0,0,1,0,0,0,0,0
Ixonotus guttatus,0,0,1,0,0,0,0,0,0,0,0
Ixoreus naevius,0,0,0,1,0,0,0,0,0,0,0
Ixos malaccensis,0,0,0,0,0,1,0,0,0,0,0
Ixos virescens,0,0,0,0,0,1,0,0,0,0,0
Jynx ruficollis,0,0,1,0,0,0,0,0,0,0,0
Lagopus leucura,0,0,0,1,0,0,0,0,0,0,0
Lalage atrovirens,1,0,0,0,0,0,0,0,0,0,0
Lalage fimbriata,0,0,0,0,0,1,0,0,0,0,0
Lalage leucomela,1,0,0,0,0,0,0,0,0,0,0
Lalage leucopyga,1,0,0,0,0,0,0,0,0,0,0
Lalage leucopygialis,0,0,0,0,0,1,0,0,0,0,0
Lalage maculosa,1,0,0,0,0,0,0,0,0,0,0
Lalage melanoleuca,0,0,0,0,0,1,0,0,0,0,0
Lalage melanoptera,0,0,0,0,0,1,0,0,0,0,0
Lalage nigra,0,0,0,0,0,1,0,0,0,0,0
Lalage polioptera,0,0,0,0,0,1,0,0,0,0,0
Lalage sueurii,0,0,0,0,0,1,0,0,0,0,0
Lalage tricolor,1,0,0,0,0,0,0,0,0,0,0
Laniellus albonotatus,0,0,0,0,0,1,0,0,0,0,0
Laniellus langbianis,0,0,0,0,0,1,0,0,0,0,0
Laticilla burnesii,0,0,0,0,0,0,0,1,0,0,0
Leuconotopicus albolarvatus,0,0,0,1,0,0,0,0,0,0,0
Leuconotopicus arizonae,0,0,0,1,0,0,0,0,0,0,0
Leuconotopicus borealis,0,0,0,1,0,0,0,0,0,0,0
Leuconotopicus fumigatus,0,0,0,1,0,0,0,0,0,0,0
Leuconotopicus stricklandi,0,0,0,1,0,0,0,0,0,0,0
Leuconotopicus villosus,0,0,0,1,0,0,0,0,0,0,0
Leucosticte tephrocotis,0,0,0,1,0,0,0,0,0,0,0
Linurgus olivaceus,0,0,1,0,0,0,0,0,0,0,0
Liocichla bugunorum,0,0,0,0,0,0,0,0,1,0,0
Liocichla omeiensis,0,0,0,0,0,0,0,0,0,1,0
Liocichla ripponi,0,0,0,0,0,1,0,0,0,0,0
Liocichla steerii,0,0,0,0,0,1,0,0,0,0,0
Lobotos oriolinus,0,0,1,0,0,0,0,0,0,0,0
Locustella accentor,0,0,0,0,0,1,0,0,0,0,0
Locustella alishanensis,0,0,0,0,0,1,0,0,0,0,0
Locustella montis,0,0,0,0,0,1,0,0,0,0,0
Lophophanes cristatus,0,1,0,0,0,0,0,0,0,0,0
Lophophorus impejanus,0,0,0,0,0,0,0,0,1,0,0
Lophophorus lhuysii,0,0,0,0,0,0,0,0,0,1,0
Lophura bulweri,0,0,0,0,0,1,0,0,0,0,0
Lophura diardi,0,0,0,0,0,1,0,0,0,0,0
Lophura edwardsi,0,0,0,0,0,1,0,0,0,0,0
Lophura erythrophthalma,0,0,0,0,0,1,0,0,0,0,0
Lophura ignita,0,0,0,0,0,1,0,0,0,0,0
Lophura inornata,0,0,0,0,0,1,0,0,0,0,0
Lophura swinhoii,0,0,0,0,0,1,0,0,0,0,0
Loxia pytyopsittacus,0,1,0,0,0,0,0,0,0,0,0
Loxioides bailleui,0,0,0,1,0,0,0,0,0,0,0
Loxops caeruleirostris,0,0,0,1,0,0,0,0,0,0,0
Loxops coccineus,0,0,0,1,0,0,0,0,0,0,0
Machlolophus holsti,0,0,0,0,0,1,0,0,0,0,0
Macronus ptilosus,0,0,0,0,0,1,0,0,0,0,0
Macronus striaticeps,0,0,0,0,0,1,0,0,0,0,0
Malacocincla sepiaria,0,0,0,0,0,1,0,0,0,0,0
Malacopteron affine,0,0,0,0,0,1,0,0,0,0,0
Malacopteron albogulare,0,0,0,0,0,1,0,0,0,0,0
Malacopteron cinereum,0,0,0,0,0,1,0,0,0,0,0
Malacopteron magnirostre,0,0,0,0,0,1,0,0,0,0,0
Malacopteron magnum,0,0,0,0,0,1,0,0,0,0,0
Malacopteron palawanense,0,0,0,0,0,1,0,0,0,0,0
Malia grata,0,0,0,0,0,1,0,0,0,0,0
Malindangia mcgregori,0,0,0,0,0,1,0,0,0,0,0
Margaroperdix madagarensis,0,0,1,0,0,0,0,0,0,0,0
Meiglyptes jugularis,0,0,0,0,0,1,0,0,0,0,0
Meiglyptes tristis,0,0,0,0,0,1,0,0,0,0,0
Meiglyptes tukki,0,0,0,0,0,1,0,0,0,0,0
Melaenornis ardesiacus,0,0,1,0,0,0,0,0,0,0,0
Melaenornis brunneus,0,0,1,0,0,0,0,0,0,0,0
Melaenornis chocolatinus,0,0,1,0,0,0,0,0,0,0,0
Melaenornis edolioides,0,0,1,0,0,0,0,0,0,0,0
Melaenornis fischeri,0,0,1,0,0,0,0,0,0,0,0
Melaenornis pammelaina,0,0,1,0,0,0,0,0,0,0,0
Melaenornis silens,0,0,1,0,0,0,0,0,0,0,0
Melamprosops phaeosoma,0,0,0,1,0,0,0,0,0,0,0
Melanerpes aurifrons,0,0,0,1,0,0,0,0,0,0,0
Melanerpes cactorum,0,0,0,1,0,0,0,0,0,0,0
Melanerpes candidus,0,0,0,1,0,0,0,0,0,0,0
Melanerpes carolinus,0,0,0,1,0,0,0,0,0,0,0
Melanerpes chrysauchen,0,0,0,1,0,0,0,0,0,0,0
Melanerpes chrysogenys,0,0,0,1,0,0,0,0,0,0,0
Melanerpes cruentatus,0,0,0,1,0,0,0,0,0,0,0
Melanerpes erythrocephalus,0,0,0,1,0,0,0,0,0,0,0
Melanerpes flavifrons,0,0,0,1,0,0,0,0,0,0,0
Melanerpes formicivorus,0,0,0,1,0,0,0,0,0,0,0
Melanerpes hoffmannii,0,0,0,1,0,0,0,0,0,0,0
Melanerpes hypopolius,0,0,0,1,0,0,0,0,0,0,0
Melanerpes lewis,0,0,0,1,0,0,0,0,0,0,0
Melanerpes portoricensis,0,0,0,1,0,0,0,0,0,0,0
Melanerpes pucherani,0,0,0,1,0,0,0,0,0,0,0
Melanerpes pygmaeus,0,0,0,1,0,0,0,0,0,0,0
Melanerpes radiolatus,0,0,0,1,0,0,0,0,0,0,0
Melanerpes rubricapillus,0,0,0,1,0,0,0,0,0,0,0
Melanerpes striatus,0,0,0,1,0,0,0,0,0,0,0
Melanerpes superciliaris,0,0,0,1,0,0,0,0,0,0,0
Melanerpes uropygialis,0,0,0,1,0,0,0,0,0,0,0
Melaniparus afer,0,0,1,0,0,0,0,0,0,0,0
Melaniparus albiventris,0,0,1,0,0,0,0,0,0,0,0
Melaniparus carpi,0,0,1,0,0,0,0,0,0,0,0
Melaniparus cinerascens,0,0,1,0,0,0,0,0,0,0,0
Melaniparus fasciiventer,0,0,1,0,0,0,0,0,0,0,0
Melaniparus fringillinus,0,0,1,0,0,0,0,0,0,0,0
Melaniparus funereus,0,0,1,0,0,0,0,0,0,0,0
Melaniparus griseiventris,0,0,1,0,0,0,0,0,0,0,0
Melaniparus guineensis,0,0,1,0,0,0,0,0,0,0,0
Melaniparus leucomelas,0,0,1,0,0,0,0,0,0,0,0
Melaniparus leuconotus,0,0,1,0,0,0,0,0,0,0,0
Melaniparus niger,0,0,1,0,0,0,0,0,0,0,0
Melaniparus pallidiventris,0,0,1,0,0,0,0,0,0,0,0
Melaniparus rufiventris,0,0,1,0,0,0,0,0,0,0,0
Melaniparus thruppi,0,0,1,0,0,0,0,0,0,0,0
Meleagris gallopavo,0,0,0,1,0,0,0,0,0,0,0
Meleagris ocellata,0,0,0,1,0,0,0,0,0,0,0
Microtarsus melanoleucos,0,0,0,0,0,1,0,0,0,0,0
Mixornis bornensis,0,0,0,0,0,1,0,0,0,0,0
Mixornis flavicollis,0,0,0,0,0,1,0,0,0,0,0
Monticola angolensis,0,0,1,0,0,0,0,0,0,0,0
Monticola brevipes,0,0,1,0,0,0,0,0,0,0,0
Monticola explorator,0,0,1,0,0,0,0,0,0,0,0
Monticola rupestris,0,0,1,0,0,0,0,0,0,0,0
Monticola sharpei,0,0,1,0,0,0,0,0,0,0,0
Moupinia poecilotis,0,0,0,0,0,0,0,0,0,1,0
Mulleripicus fulvus,0,0,0,0,0,1,0,0,0,0,0
Mulleripicus funebris,0,0,0,0,0,1,0,0,0,0,0
Muscicapa adusta,0,0,1,0,0,0,0,0,0,0,0
Muscicapa aquatica,0,0,1,0,0,0,0,0,0,0,0
Muscicapa cassini,0,0,1,0,0,0,0,0,0,0,0
Muscicapa dauurica,0,0,0,0,1,0,0,0,0,0,0
Muscicapa ferruginea,0,0,0,0,0,1,0,0,1,1,0
Muscicapa gambagae,0,0,1,0,0,0,0,0,0,0,0
Muscicapa sethsmithi,0,0,1,0,0,0,0,0,0,0,0
Myadestes coloratus,0,0,0,1,0,0,0,0,0,0,0
Myadestes elisabeth,0,0,0,1,0,0,0,0,0,0,0
Myadestes genibarbis,0,0,0,1,0,0,0,0,0,0,0
Myadestes melanops,0,0,0,1,0,0,0,0,0,0,0
Myadestes obscurus,0,0,0,1,0,0,0,0,0,0,0
Myadestes occidentalis,0,0,0,1,0,0,0,0,0,0,0
Myadestes ralloides,0,0,0,1,0,0,0,0,0,0,0
Myadestes townsendi,0,0,0,1,0,0,0,0,0,0,0
Myadestes unicolor,0,0,0,1,0,0,0,0,0,0,0
Myiomela diana,0,0,0,0,0,1,0,0,0,0,0
Myophonus borneensis,0,0,0,0,0,1,0,0,0,0,0
Myophonus castaneus,0,0,0,0,0,1,0,0,0,0,0
Myophonus glaucinus,0,0,0,0,0,1,0,0,0,0,0
Myophonus melanurus,0,0,0,0,0,1,0,0,0,0,0
Myrmecocichla aethiops,0,0,1,0,0,0,0,0,0,0,0
Myrmecocichla arnotti,0,0,1,0,0,0,0,0,0,0,0
Myrmecocichla formicivora,0,0,1,0,0,0,0,0,0,0,0
Myrmecocichla melaena,0,0,1,0,0,0,0,0,0,0,0
Myrmecocichla nigra,0,0,1,0,0,0,0,0,0,0,0
Myrmecocichla tholloni,0,0,1,0,0,0,0,0,0,0,0
Neocossyphus poensis,0,0,1,0,0,0,0,0,0,0,0
Neocossyphus rufus,0,0,1,0,0,0,0,0,0,0,0
Neolestes torquatus,0,0,1,0,0,0,0,0,0,0,0
Neosuthora davidiana,0,0,0,0,0,1,0,0,0,0,0
Nesoctites micromegas,0,0,0,1,0,0,0,0,0,0,0
Niltava vivida,0,0,0,0,0,1,0,0,1,1,0
Nucifraga columbiana,0,0,0,1,0,0,0,0,0,0,0
Oenanthe albifrons,0,0,1,0,0,0,0,0,0,0,0
Oenanthe albonigra,0,0,0,0,0,0,0,1,0,0,0
Oenanthe bottae,0,0,0,0,0,0,0,1,0,0,0
Oenanthe dubia,0,0,1,0,0,0,0,0,0,0,0
Oenanthe familiaris,0,0,1,0,0,0,0,0,0,0,0
Oenanthe finschii,0,0,0,0,0,0,0,1,0,0,0
Oenanthe moesta,0,0,1,0,0,0,0,0,0,0,0
Oenanthe phillipsi,0,0,1,0,0,0,0,0,0,0,0
Oenanthe pileata,0,0,1,0,0,0,0,0,0,0,0
Oenanthe scotocerca,0,0,1,0,0,0,0,0,0,0,0
Oreomystis bairdi,0,0,0,1,0,0,0,0,0,0,0
Palmeria dolei,0,0,0,1,0,0,0,0,0,0,0
Pardaliparus amabilis,0,0,0,0,0,1,0,0,0,0,0
Pardaliparus elegans,0,0,0,0,0,1,0,0,0,0,0
Paroreomyza montana,0,0,0,1,0,0,0,0,0,0,0
Pavo muticus,0,0,0,0,0,1,0,0,0,0,0
Peliperdix albogularis,0,0,1,0,0,0,0,0,0,0,0
Peliperdix coqui,0,0,1,0,0,0,0,0,0,0,0
Peliperdix lathami,0,0,1,0,0,0,0,0,0,0,0
Peliperdix schlegelii,0,0,1,0,0,0,0,0,0,0,0
Pellorneum albiventre,0,0,0,0,0,1,0,0,0,0,0
Pellorneum capistratum,0,0,0,0,0,1,0,0,0,0,0
Perdicula asiatica,0,0,0,0,0,1,0,0,0,0,0
Pericrocotus albifrons,0,0,0,0,0,1,0,0,0,0,0
Pericrocotus erythropygius,0,0,0,0,0,1,0,0,0,0,0
Pericrocotus flammeus,0,0,0,0,0,1,0,0,0,0,0
Pericrocotus igneus,0,0,0,0,0,1,0,0,0,0,0
Pericrocotus lansbergei,0,0,0,0,0,1,0,0,0,0,0
Pericrocotus miniatus,0,0,0,0,0,1,0,0,0,0,0
Pericrocotus tegimae,0,0,0,0,1,0,0,0,0,0,0
Perisoreus canadensis,0,0,0,1,0,0,0,0,0,0,0
Perisoreus internigrans,0,0,0,0,0,0,0,0,0,1,0
Phasianus versicolor,0,0,0,0,1,0,0,0,0,0,0
Phoenicurus erythronotus,0,0,0,0,0,0,1,0,0,0,0
Phoenicurus moussieri,0,0,1,0,0,0,0,0,0,0,0
Phyllastrephus albigula,0,0,1,0,0,0,0,0,0,0,0
Phyllastrephus albigularis,0,0,1,0,0,0,0,0,0,0,0
Phyllastrephus baumanni,0,0,1,0,0,0,0,0,0,0,0
Phyllastrephus cabanisi,0,0,1,0,0,0,0,0,0,0,0
Phyllastrephus cerviniventris,0,0,1,0,0,0,0,0,0,0,0
Phyllastrephus debilis,0,0,1,0,0,0,0,0,0,0,0
Phyllastrephus fischeri,0,0,1,0,0,0,0,0,0,0,0
Phyllastrephus flavostriatus,0,0,1,0,0,0,0,0,0,0,0
Phyllastrephus fulviventris,0,0,1,0,0,0,0,0,0,0,0
Phyllastrephus hypochloris,0,0,1,0,0,0,0,0,0,0,0
Phyllastrephus icterinus,0,0,1,0,0,0,0,0,0,0,0
Phyllastrephus poensis,0,0,1,0,0,0,0,0,0,0,0
Phyllastrephus strepitans,0,0,1,0,0,0,0,0,0,0,0
Phyllastrephus terrestris,0,0,1,0,0,0,0,0,0,0,0
Phyllastrephus xavieri,0,0,1,0,0,0,0,0,0,0,0
Phylloscopus budongoensis,0,0,1,0,0,0,0,0,0,0,0
Phylloscopus calciatilis,0,0,0,0,0,1,0,0,0,0,0
Phylloscopus cebuensis,0,0,0,0,0,1,0,0,0,0,0
Phylloscopus forresti,0,0,0,0,0,0,0,0,0,1,0
Phylloscopus grammiceps,0,0,0,0,0,1,0,0,0,0,0
Phylloscopus hainanus,0,0,0,0,0,1,0,0,0,0,0
Phylloscopus herberti,0,0,1,0,0,0,0,0,0,0,0
Phylloscopus laetus,0,0,1,0,0,0,0,0,0,0,0
Phylloscopus laurae,0,0,1,0,0,0,0,0,0,0,0
Phylloscopus montis,0,0,0,0,0,1,0,0,0,0,0
Phylloscopus ogilviegranti,0,0,0,0,0,1,0,0,0,0,0
Phylloscopus olivaceus,0,0,0,0,0,1,0,0,0,0,0
Phylloscopus poliocephalus,1,0,0,0,0,0,0,0,0,0,0
Phylloscopus presbytes,0,0,0,0,0,1,0,0,0,0,0
Phylloscopus ruficapilla,0,0,1,0,0,0,0,0,0,0,0
Phylloscopus sarasinorum,0,0,0,0,0,1,0,0,0,0,0
Phylloscopus trivirgatus,0,0,0,0,0,1,0,0,0,0,0
Phylloscopus umbrovirens,0,0,1,0,0,0,0,0,0,0,0
Phylloscopus xanthoschistos,0,0,0,0,0,0,0,0,1,0,0
Pica asirensis,0,0,0,0,0,0,0,1,0,0,0
Pica hudsonia,0,0,0,1,0,0,0,0,0,0,0
Pica mauritanica,0,0,1,0,0,0,0,0,0,0,0
Picoides arcticus,0,0,0,1,0,0,0,0,0,0,0
Piculus aurulentus,0,0,0,1,0,0,0,0,0,0,0
Piculus callopterus,0,0,0,1,0,0,0,0,0,0,0
Piculus chrysochloros,0,0,0,1,0,0,0,0,0,0,0
Piculus flavigula,0,0,0,1,0,0,0,0,0,0,0
Piculus leucolaemus,0,0,0,1,0,0,0,0,0,0,0
Piculus litae,0,0,0,1,0,0,0,0,0,0,0
Picumnus albosquamatus,0,0,0,1,0,0,0,0,0,0,0
Picumnus aurifrons,0,0,0,1,0,0,0,0,0,0,0
Picumnus castelnau,0,0,0,1,0,0,0,0,0,0,0
Picumnus cirratus,0,0,0,1,0,0,0,0,0,0,0
Picumnus dorbignyanus,0,0,0,1,0,0,0,0,0,0,0
Picumnus exilis,0,0,0,1,0,0,0,0,0,0,0
Picumnus lafresnayi,0,0,0,1,0,0,0,0,0,0,0
Picumnus minutissimus,0,0,0,1,0,0,0,0,0,0,0
Picumnus nebulosus,0,0,0,1,0,0,0,0,0,0,0
Picumnus olivaceus,0,0,0,1,0,0,0,0,0,0,0
Picumnus pumilus,0,0,0,1,0,0,0,0,0,0,0
Picumnus pygmaeus,0,0,0,1,0,0,0,0,0,0,0
Picumnus rufiventris,0,0,0,1,0,0,0,0,0,0,0
Picumnus sclateri,0,0,0,1,0,0,0,0,0,0,0
Picumnus spilogaster,0,0,0,1,0,0,0,0,0,0,0
Picumnus squamulatus,0,0,0,1,0,0,0,0,0,0,0
Picumnus steindachneri,0,0,0,1,0,0,0,0,0,0,0
Picumnus subtilis,0,0,0,1,0,0,0,0,0,0,0
Picumnus temminckii,0,0,0,1,0,0,0,0,0,0,0
Picumnus varzeae,0,0,0,1,0,0,0,0,0,0,0
Picus awokera,0,0,0,0,1,0,0,0,0,0,0
Picus erythropygius,0,0,0,0,0,1,0,0,0,0,0
Picus puniceus,0,0,0,0,0,1,0,0,0,0,0
Picus rabieri,0,0,0,0,0,1,0,0,0,0,0
Picus sharpei,0,1,0,0,0,0,0,0,0,0,0
Picus vaillantii,0,0,1,0,0,0,0,0,0,0,0
Picus viridanus,0,0,0,0,0,1,0,0,0,0,0
Picus vittatus,0,0,0,0,0,1,0,0,0,0,0
Pinarochroa sordida,0,0,1,0,0,0,0,0,0,0,0
Platysmurus leucopterus,0,0,0,0,0,1,0,0,0,0,0
Podoces biddulphi,0,0,0,0,0,0,1,0,0,0,0
Poecile atricapillus,0,0,0,1,0,0,0,0,0,0,0
Poecile carolinensis,0,0,0,1,0,0,0,0,0,0,0
Poecile davidi,0,0,0,0,0,0,0,0,0,1,0
Poecile gambeli,0,0,0,1,0,0,0,0,0,0,0
Poecile hudsonicus,0,0,0,1,0,0,0,0,0,0,0
Poecile hyrcanus,0,0,0,0,0,0,0,1,0,0,0
Poecile rufescens,0,0,0,1,0,0,0,0,0,0,0
Poecile sclateri,0,0,0,1,0,0,0,0,0,0,0
Pogonocichla stellata,0,0,1,0,0,0,0,0,0,0,0
Poliolophus urostictus,0,0,0,0,0,1,0,0,0,0,0
Polyplectron chalcurum,0,0,0,0,0,1,0,0,0,0,0
Polyplectron germaini,0,0,0,0,0,1,0,0,0,0,0
Polyplectron inopinatum,0,0,0,0,0,1,0,0,0,0,0
Polyplectron katsumatae,0,0,0,0,0,1,0,0,0,0,0
Polyplectron malacense,0,0,0,0,0,1,0,0,0,0,0
Polyplectron napoleonis,0,0,0,0,0,1,0,0,0,0,0
Polyplectron schleiermacheri,0,0,0,0,0,1,0,0,0,0,0
Pomatorhinus ferruginosus,0,0,0,0,0,0,0,0,1,0,0
Pomatorhinus horsfieldii,0,0,0,0,0,1,0,0,0,0,0
Pomatorhinus melanurus,0,0,0,0,0,1,0,0,0,0,0
Pomatorhinus montanus,0,0,0,0,0,1,0,0,0,0,0
Pomatorhinus musicus,0,0,0,0,0,1,0,0,0,0,0
Poodytes gramineus,1,0,0,0,0,0,0,0,0,0,0
Poodytes punctatus,1,0,0,0,0,0,0,0,0,0,0
Prunella koslowi,0,0,0,0,0,0,1,0,0,0,0
Prunella ocularis,0,0,0,0,0,0,0,1,0,0,0
Psaltriparus minimus,0,0,0,1,0,0,0,0,0,0,0
Pseudonestor xanthophrys,0,0,0,1,0,0,0,0,0,0,0
Psittiparus bakeri,0,0,0,0,0,1,0,0,0,0,0
Psittiparus ruficeps,0,0,0,0,0,0,0,0,1,0,0
Pternistis adspersus,0,0,1,0,0,0,0,0,0,0,0
Pternistis afer,0,0,1,0,0,0,0,0,0,0,0
Pternistis ahantensis,0,0,1,0,0,0,0,0,0,0,0
Pternistis bicalcaratus,0,0,1,0,0,0,0,0,0,0,0
Pternistis camerunensis,0,0,1,0,0,0,0,0,0,0,0
Pternistis capensis,0,0,1,0,0,0,0,0,0,0,0
Pternistis castaneicollis,0,0,1,0,0,0,0,0,0,0,0
Pternistis clappertoni,0,0,1,0,0,0,0,0,0,0,0
Pternistis erckelii,0,0,1,0,0,0,0,0,0,0,0
Pternistis griseostriatus,0,0,1,0,0,0,0,0,0,0,0
Pternistis hartlaubi,0,0,1,0,0,0,0,0,0,0,0
Pternistis harwoodi,0,0,1,0,0,0,0,0,0,0,0
Pternistis hildebrandti,0,0,1,0,0,0,0,0,0,0,0
Pternistis icterorhynchus,0,0,1,0,0,0,0,0,0,0,0
Pternistis jacksoni,0,0,1,0,0,0,0,0,0,0,0
Pternistis leucoscepus,0,0,1,0,0,0,0,0,0,0,0
Pternistis natalensis,0,0,1,0,0,0,0,0,0,0,0
Pternistis nobilis,0,0,1,0,0,0,0,0,0,0,0
Pternistis ochropectus,0,0,1,0,0,0,0,0,0,0,0
Pternistis rufopictus,0,0,1,0,0,0,0,0,0,0,0
Pternistis squamatus,0,0,1,0,0,0,0,0,0,0,0
Pternistis swainsonii,0,0,1,0,0,0,0,0,0,0,0
Pternistis swierstrai,0,0,1,0,0,0,0,0,0,0,0
Ptilocichla falcata,0,0,0,0,0,1,0,0,0,0,0
Ptilocichla leucogrammica,0,0,0,0,0,1,0,0,0,0,0
Ptilocichla mindanensis,0,0,0,0,0,1,0,0,0,0,0
Ptilostomus afer,0,0,1,0,0,0,0,0,0,0,0
Pycnonotus barbatus,0,0,1,0,0,0,0,0,0,0,0
Pycnonotus bimaculatus,0,0,0,0,0,1,0,0,0,0,0
Pycnonotus blanfordi,0,0,0,0,0,1,0,0,0,0,0
Pycnonotus brunneus,0,0,0,0,0,1,0,0,0,0,0
Pycnonotus capensis,0,0,1,0,0,0,0,0,0,0,0
Pycnonotus cinereifrons,0,0,0,0,0,1,0,0,0,0,0
Pycnonotus finlaysoni,0,0,0,0,0,1,0,0,0,0,0
Pycnonotus flavescens,0,0,0,0,0,1,0,0,0,0,0
Pycnonotus goiavier,0,0,0,0,0,1,0,0,0,0,0
Pycnonotus leucogenys,0,0,0,0,0,0,0,0,1,0,0
Pycnonotus leucotis,0,0,0,0,0,0,0,1,0,0,0
Pycnonotus luteolus,0,0,0,0,0,1,0,0,0,0,0
Pycnonotus nigricans,0,0,1,0,0,0,0,0,0,0,0
Pycnonotus plumosus,0,0,0,0,0,1,0,0,0,0,0
Pycnonotus simplex,0,0,0,0,0,1,0,0,0,0,0
Pycnonotus taivanus,0,0,0,0,0,1,0,0,0,0,0
Pycnonotus xanthopygos,0,0,0,0,0,0,0,1,0,0,0
Pycnonotus zeylanicus,0,0,0,0,0,1,0,0,0,0,0
Pyrrhula aurantiaca,0,0,0,0,0,0,0,0,1,0,0
Pyrrhula erythrocephala,0,0,0,0,0,0,0,0,1,0,0
Pyrrhula leucogenis,0,0,0,0,0,1,0,0,0,0,0
Rheinardia ocellata,0,0,0,0,0,1,0,0,0,0,0
Rhizothera dulitensis,0,0,0,0,0,1,0,0,0,0,0
Rhopophilus albosuperciliaris,0,0,0,0,0,0,1,0,0,0,0
Ridgwayia pinicola,0,0,0,1,0,0,0,0,0,0,0
Robsonius thompsoni,0,0,0,0,0,1,0,0,0,0,0
Rollulus rouloul,0,0,0,0,0,1,0,0,0,0,0
Salpornis salvadori,0,0,1,0,0,0,0,0,0,0,0
Sasia abnormis,0,0,0,0,0,1,0,0,0,0,0
Schoenicola platyurus,0,0,0,0,0,1,0,0,0,0,0
Schoeniparus rufogularis,0,0,0,0,0,1,0,0,0,0,0
Scleroptila afra,0,0,1,0,0,0,0,0,0,0,0
Scleroptila finschi,0,0,1,0,0,0,0,0,0,0,0
Scleroptila gutturalis,0,0,1,0,0,0,0,0,0,0,0
Scleroptila levaillantii,0,0,1,0,0,0,0,0,0,0,0
Scleroptila psilolaema,0,0,1,0,0,0,0,0,0,0,0
Scleroptila shelleyi,0,0,1,0,0,0,0,0,0,0,0
Scleroptila streptophora,0,0,1,0,0,0,0,0,0,0,0
Serinus alario,0,0,1,0,0,0,0,0,0,0,0
Serinus canicollis,0,0,1,0,0,0,0,0,0,0,0
Serinus flavivertex,0,0,1,0,0,0,0,0,0,0,0
Setornis criniger,0,0,0,0,0,1,0,0,0,0,0
Sheppardia aequatorialis,0,0,1,0,0,0,0,0,0,0,0
Sheppardia aurantiithorax,0,0,1,0,0,0,0,0,0,0,0
Sheppardia bocagei,0,0,1,0,0,0,0,0,0,0,0
Sheppardia cyornithopsis,0,0,1,0,0,0,0,0,0,0,0
Sheppardia gabela,0,0,1,0,0,0,0,0,0,0,0
Sheppardia gunningi,0,0,1,0,0,0,0,0,0,0,0
Sheppardia lowei,0,0,1,0,0,0,0,0,0,0,0
Sheppardia montana,0,0,1,0,0,0,0,0,0,0,0
Sheppardia sharpei,0,0,1,0,0,0,0,0,0,0,0
Sialia currucoides,0,0,0,1,0,0,0,0,0,0,0
Sialia mexicana,0,0,0,1,0,0,0,0,0,0,0
Sialia sialis,0,0,0,1,0,0,0,0,0,0,0
Sinosuthora zappeyi,0,0,0,0,0,0,0,0,0,1,0
Sitta arctica,0,1,0,0,0,0,0,0,0,0,0
Sitta azurea,0,0,0,0,0,1,0,0,0,0,0
Sitta canadensis,0,0,0,1,0,0,0,0,0,0,0
Sitta carolinensis,0,0,0,1,0,0,0,0,0,0,0
Sitta castanea,0,0,0,0,0,1,0,0,0,0,0
Sitta ledanti,0,0,1,0,0,0,0,0,0,0,0
Sitta leucopsis,0,0,0,0,0,0,0,0,1,0,0
Sitta neglecta,0,0,0,0,0,1,0,0,0,0,0
Sitta oenochlamys,0,0,0,0,0,1,0,0,0,0,0
Sitta pusilla,0,0,0,1,0,0,0,0,0,0,0
Sitta pygmaea,0,0,0,1,0,0,0,0,0,0,0
Sitta victoriae,0,0,0,0,0,1,0,0,0,0,0
Sitta whiteheadi,0,1,0,0,0,0,0,0,0,0,0
Sittiparus semilarvatus,0,0,0,0,0,1,0,0,0,0,0
Sittiparus varius,0,0,0,0,1,0,0,0,0,0,0
Spelaeornis caudatus,0,0,0,0,0,0,0,0,1,0,0
Spelaeornis kinneari,0,0,0,0,0,1,0,0,0,0,0
Spelaeornis longicaudatus,0,0,0,0,0,1,0,0,0,0,0
Spelaeornis oatesi,0,0,0,0,0,1,0,0,0,0,0
Sphyrapicus nuchalis,0,0,0,1,0,0,0,0,0,0,0
Sphyrapicus ruber,0,0,0,1,0,0,0,0,0,0,0
Sphyrapicus thyroideus,0,0,0,1,0,0,0,0,0,0,0
Spinus atratus,0,0,0,1,0,0,0,0,0,0,0
Spinus atriceps,0,0,0,1,0,0,0,0,0,0,0
Spinus barbatus,0,0,0,1,0,0,0,0,0,0,0
Spinus crassirostris,0,0,0,1,0,0,0,0,0,0,0
Spinus cucullatus,0,0,0,1,0,0,0,0,0,0,0
Spinus dominicensis,0,0,0,1,0,0,0,0,0,0,0
Spinus lawrencei,0,0,0,1,0,0,0,0,0,0,0
Spinus magellanicus,0,0,0,1,0,0,0,0,0,0,0
Spinus notatus,0,0,0,1,0,0,0,0,0,0,0
Spinus olivaceus,0,0,0,1,0,0,0,0,0,0,0
Spinus pinus,0,0,0,1,0,0,0,0,0,0,0
Spinus psaltria,0,0,0,1,0,0,0,0,0,0,0
Spinus siemiradzkii,0,0,0,1,0,0,0,0,0,0,0
Spinus spinescens,0,0,0,1,0,0,0,0,0,0,0
Spinus spinus,0,1,0,0,0,0,0,0,0,0,0
Spinus tristis,0,0,0,1,0,0,0,0,0,0,0
Spinus xanthogastrus,0,0,0,1,0,0,0,0,0,0,0
Spinus yarrellii,0,0,0,1,0,0,0,0,0,0,0
Stachyris grammiceps,0,0,0,0,0,1,0,0,0,0,0
Stachyris humei,0,0,0,0,0,0,0,0,1,0,0
Stachyris leucotis,0,0,0,0,0,1,0,0,0,0,0
Stachyris maculata,0,0,0,0,0,1,0,0,0,0,0
Stachyris nigricollis,0,0,0,0,0,1,0,0,0,0,0
Stachyris nonggangensis,0,0,0,0,0,1,0,0,0,0,0
Stachyris poliocephala,0,0,0,0,0,1,0,0,0,0,0
Stachyris strialata,0,0,0,0,0,1,0,0,0,0,0
Stachyris thoracica,0,0,0,0,0,1,0,0,0,0,0
Stelgidillas gracilirostris,0,0,1,0,0,0,0,0,0,0,0
Stiphrornis erythrothorax,0,0,1,0,0,0,0,0,0,0,0
Stizorhina finschi,0,0,1,0,0,0,0,0,0,0,0
Stizorhina fraseri,0,0,1,0,0,0,0,0,0,0,0
Swynnertonia swynnertoni,0,0,1,0,0,0,0,0,0,0,0
Syrmaticus ellioti,0,0,0,0,0,1,0,0,0,0,0
Syrmaticus mikado,0,0,0,0,0,1,0,0,0,0,0
Syrmaticus reevesii,0,0,0,0,1,0,0,0,0,0,0
Syrmaticus soemmerringii,0,0,0,0,1,0,0,0,0,0,0
Tarsiger hyperythrus,0,0,0,0,0,0,0,0,1,0,0
Tarsiger johnstoniae,0,0,0,0,0,1,0,0,0,0,0
Temnurus temnurus,0,0,0,0,0,1,0,0,0,0,0
Tesia everetti,0,0,0,0,0,1,0,0,0,0,0
Tesia superciliaris,0,0,0,0,0,1,0,0,0,0,0
Tetrao urogallus,0,1,0,0,0,0,0,0,0,0,0
Tetraogallus caspius,0,0,0,0,0,0,0,1,0,0,0
Tetraophasis obscurus,0,0,0,0,0,0,0,0,0,1,0
Thamnolaea cinnamomeiventris,0,0,1,0,0,0,0,0,0,0,0
Thescelocichla leucopleura,0,0,1,0,0,0,0,0,0,0,0
Tragopan caboti,0,0,0,0,0,1,0,0,0,0,0
Tragopan satyra,0,0,0,0,0,0,0,0,1,0,0
Tricholestes criniger,0,0,0,0,0,1,0,0,0,0,0
Trochalopteron austeni,0,0,0,0,0,1,0,0,0,0,0
Trochalopteron erythrocephalum,0,0,0,0,0,0,0,0,1,0,0
Trochalopteron imbricatum,0,0,0,0,0,0,0,0,1,0,0
Trochalopteron melanostigma,0,0,0,0,0,1,0,0,0,0,0
Trochalopteron milnei,0,0,0,0,0,1,0,0,0,0,0
Trochalopteron morrisonianum,0,0,0,0,0,1,0,0,0,0,0
Trochalopteron peninsulae,0,0,0,0,0,1,0,0,0,0,0
Trochalopteron variegatum,0,0,0,0,0,0,0,0,1,0,0
Trochalopteron virgatum,0,0,0,0,0,1,0,0,0,0,0
Trochalopteron yersini,0,0,0,0,0,1,0,0,0,0,0
Turdoides bicolor,0,0,1,0,0,0,0,0,0,0,0
Turdoides gymnogenys,0,0,1,0,0,0,0,0,0,0,0
Turdoides hartlaubii,0,0,1,0,0,0,0,0,0,0,0
Turdoides hypoleuca,0,0,1,0,0,0,0,0,0,0,0
Turdoides leucopygia,0,0,1,0,0,0,0,0,0,0,0
Turdoides melanops,0,0,1,0,0,0,0,0,0,0,0
Turdoides plebejus,0,0,1,0,0,0,0,0,0,0,0
Turdoides reinwardtii,0,0,1,0,0,0,0,0,0,0,0
Turdoides sharpei,0,0,1,0,0,0,0,0,0,0,0
Turdoides squamulata,0,0,1,0,0,0,0,0,0,0,0
Turdoides tenebrosa,0,0,1,0,0,0,0,0,0,0,0
Turdus abyssinicus,0,0,1,0,0,0,0,0,0,0,0
Turdus albicollis,0,0,0,1,0,0,0,0,0,0,0
Turdus amaurochalinus,0,0,0,1,0,0,0,0,0,0,0
Turdus assimilis,0,0,0,1,0,0,0,0,0,0,0
Turdus aurantius,0,0,0,1,0,0,0,0,0,0,0
Turdus chiguanco,0,0,0,1,0,0,0,0,0,0,0
Turdus falcklandii,0,0,0,1,0,0,0,0,0,0,0
Turdus flavipes,0,0,0,1,0,0,0,0,0,0,0
Turdus fulviventris,0,0,0,1,0,0,0,0,0,0,0
Turdus fumigatus,0,0,0,1,0,0,0,0,0,0,0
Turdus fuscater,0,0,0,1,0,0,0,0,0,0,0
Turdus grayi,0,0,0,1,0,0,0,0,0,0,0
Turdus haplochrous,0,0,0,1,0,0,0,0,0,0,0
Turdus hauxwelli,0,0,0,1,0,0,0,0,0,0,0
Turdus helleri,0,0,1,0,0,0,0,0,0,0,0
Turdus ignobilis,0,0,0,1,0,0,0,0,0,0,0
Turdus infuscatus,0,0,0,1,0,0,0,0,0,0,0
Turdus jamaicensis,0,0,0,1,0,0,0,0,0,0,0
Turdus lawrencii,0,0,0,1,0,0,0,0,0,0,0
Turdus leucomelas,0,0,0,1,0,0,0,0,0,0,0
Turdus leucops,0,0,0,1,0,0,0,0,0,0,0
Turdus ludoviciae,0,0,1,0,0,0,0,0,0,0,0
Turdus maculirostris,0,0,0,1,0,0,0,0,0,0,0
Turdus maranonicus,0,0,0,1,0,0,0,0,0,0,0
Turdus menachensis,0,0,0,0,0,0,0,1,0,0,0
Turdus migratorius,0,0,0,1,0,0,0,0,0,0,0
Turdus nigrescens,0,0,0,1,0,0,0,0,0,0,0
Turdus nigriceps,0,0,0,1,0,0,0,0,0,0,0
Turdus nudigenis,0,0,0,1,0,0,0,0,0,0,0
Turdus obsoletus,0,0,0,1,0,0,0,0,0,0,0
Turdus olivaceus,0,0,1,0,0,0,0,0,0,0,0
Turdus olivater,0,0,0,1,0,0,0,0,0,0,0
Turdus pallidus,0,0,0,0,1,0,0,0,0,0,0
Turdus pelios,0,0,1,0,0,0,0,0,0,0,0
Turdus philomelos,0,1,0,0,0,0,0,0,0,0,0
Turdus pilaris,0,1,0,0,0,0,0,0,0,0,0
Turdus plebejus,0,0,0,1,0,0,0,0,0,0,0
Turdus plumbeus,0,0,0,1,0,0,0,0,0,0,0
Turdus reevei,0,0,0,1,0,0,0,0,0,0,0
Turdus roehli,0,0,1,0,0,0,0,0,0,0,0
Turdus rufitorques,0,0,0,1,0,0,0,0,0,0,0
Turdus rufiventris,0,0,0,1,0,0,0,0,0,0,0
Turdus rufopalliatus,0,0,0,1,0,0,0,0,0,0,0
Turdus sanchezorum,0,0,0,1,0,0,0,0,0,0,0
Turdus serranus,0,0,0,1,0,0,0,0,0,0,0
Turdus simillimus,0,0,0,0,0,1,0,0,0,0,0
Turdus smithi,0,0,1,0,0,0,0,0,0,0,0
Turdus swalesi,0,0,0,1,0,0,0,0,0,0,0
Turdus tephronotus,0,0,1,0,0,0,0,0,0,0,0
Turdus torquatus,0,1,0,0,0,0,0,0,0,0,0
Tympanuchus cupido,0,0,0,1,0,0,0,0,0,0,0
Tympanuchus pallidicinctus,0,0,0,1,0,0,0,0,0,0,0
Tympanuchus phasianellus,0,0,0,1,0,0,0,0,0,0,0
Urocissa caerulea,0,0,0,0,0,1,0,0,0,0,0
Urocissa flavirostris,0,0,0,0,0,0,0,0,1,0,0
Vauriella gularis,0,0,0,0,0,1,0,0,0,0,0
Vauriella insignis,0,0,0,0,0,1,0,0,0,0,0
Veniliornis affinis,0,0,0,1,0,0,0,0,0,0,0
Veniliornis callonotus,0,0,0,1,0,0,0,0,0,0,0
Veniliornis cassini,0,0,0,1,0,0,0,0,0,0,0
Veniliornis chocoensis,0,0,0,1,0,0,0,0,0,0,0
Veniliornis dignus,0,0,0,1,0,0,0,0,0,0,0
Veniliornis frontalis,0,0,0,1,0,0,0,0,0,0,0
Veniliornis kirkii,0,0,0,1,0,0,0,0,0,0,0
Veniliornis lignarius,0,0,0,1,0,0,0,0,0,0,0
Veniliornis mixtus,0,0,0,1,0,0,0,0,0,0,0
Veniliornis nigriceps,0,0,0,1,0,0,0,0,0,0,0
Veniliornis passerinus,0,0,0,1,0,0,0,0,0,0,0
Veniliornis sanguineus,0,0,0,1,0,0,0,0,0,0,0
Veniliornis spilogaster,0,0,0,1,0,0,0,0,0,0,0
Xenoperdix udzungwensis,0,0,1,0,0,0,0,0,0,0,0
Yuhina brunneiceps,0,0,0,0,0,1,0,0,0,0,0
Zoothera andromedae,0,0,0,0,0,1,0,0,0,0,0
Zoothera everetti,0,0,0,0,0,1,0,0,0,0,0
Zoothera heinei,1,0,0,0,0,0,0,0,0,0,0
Zoothera lunulata,1,0,0,0,0,0,0,0,0,0,0
Zoothera margaretae,1,0,0,0,0,0,0,0,0,0,0
Zoothera talaseae,1,0,0,0,0,0,0,0,0,0,0
Aegithalos sharpei,0,0,0,0,0,1,0,0,0,0,0
Aegithalos exilis,0,0,0,0,0,1,0,0,0,0,0
Calamornis heudei,0,0,0,0,1,0,0,0,0,0,0
Melanocichla calva,0,0,0,0,0,1,0,0,0,0,0
Melanocichla lugubris,0,0,0,0,0,1,0,0,0,0,0
Dumetia atriceps,0,0,0,0,0,1,0,0,0,0,0
Alcippe hueti,0,0,0,0,0,1,0,0,0,0,0
Pterorhinus chinensis,0,0,0,0,0,1,0,0,0,0,0
Pterorhinus nuchalis,0,0,0,0,0,1,0,0,0,0,0
Pterorhinus treacheri,0,0,0,0,0,1,0,0,0,0,0
Pterorhinus mitratus,0,0,0,0,0,1,0,0,0,0,0
Pterorhinus waddelli,0,0,0,0,0,0,0,0,1,0,0
Pterorhinus koslowi,0,0,0,0,0,0,0,0,0,1,0
Pterorhinus woodi,0,0,0,0,0,1,0,0,0,0,0
Pterorhinus poecilorhynchus,0,0,0,0,0,1,0,0,0,0,0
Pterorhinus caerulatus,0,0,0,0,0,0,0,0,1,0,0
Pterorhinus ruficeps,0,0,0,0,0,1,0,0,0,0,0
Pterorhinus delesserti,0,0,0,0,0,1,0,0,0,0,0
Pterorhinus vassali,0,0,0,0,0,1,0,0,0,0,0
Pterorhinus courtoisi,0,0,0,0,0,1,0,0,0,0,0
Pterorhinus galbanus,0,0,0,0,0,1,0,0,0,0,0
Ianthocincla bieti,0,0,0,0,0,0,0,0,0,1,0
Ianthocincla lunulata,0,0,0,0,0,0,0,0,0,1,0
Ianthocincla cineracea,0,0,0,0,0,0,0,0,1,0,0
Ianthocincla sukatschewi,0,0,0,0,0,0,0,0,0,1,0
Argya huttoni,0,0,0,0,0,0,0,1,0,0,0
Argya gularis,0,0,0,0,0,1,0,0,0,0,0
Argya longirostris,0,0,0,0,0,0,0,0,1,0,0
Argya affinis,0,0,0,0,0,1,0,0,0,0,0
Argya rufescens,0,0,0,0,0,1,0,0,0,0,0
Argya cinereifrons,0,0,0,0,0,1,0,0,0,0,0
Turdoides chapini,0,0,1,0,0,0,0,0,0,0,0
Turdoides gilberti,0,0,1,0,0,0,0,0,0,0,0
Turdoides atripennis,0,0,1,0,0,0,0,0,0,0,0
Turdoides nipalensis,0,0,0,0,0,0,0,0,1,0,0
Actinodura morrisoniana,0,0,0,0,0,1,0,0,0,0,0
Actinodura nipalensis,0,0,0,0,0,0,0,0,1,0,0
Montecincla fairbanki,0,0,0,0,0,1,0,0,0,0,0
Montecincla cachinnans,0,0,0,0,0,1,0,0,0,0,0
Pellorneum cinereiceps,0,0,0,0,0,1,0,0,0,0,0
Pellorneum malaccense,0,0,0,0,0,1,0,0,0,0,0
Pellorneum bicolor,0,0,0,0,0,1,0,0,0,0,0
Pellorneum rostratum,0,0,0,0,0,1,0,0,0,0,0
Pellorneum celebense,0,0,0,0,0,1,0,0,0,0,0
Pellorneum tickelli,0,0,0,0,0,1,0,0,0,0,0
Pellorneum pyrrogenys,0,0,0,0,0,1,0,0,0,0,0
Napothera danjoui,0,0,0,0,0,1,0,0,0,0,0
Napothera albostriata,0,0,0,0,0,1,0,0,0,0,0
Napothera malacoptila,0,0,0,0,0,0,0,0,1,0,0
Napothera pasquieri,0,0,0,0,0,1,0,0,0,0,0
Gypsophila brevicaudata,0,0,0,0,0,1,0,0,0,0,0
Gypsophila crispifrons,0,0,0,0,0,1,0,0,0,0,0
Gypsophila crassa,0,0,0,0,0,1,0,0,0,0,0
Staphida torqueola,0,0,0,0,0,1,0,0,0,0,0
Staphida everetti,0,0,0,0,0,1,0,0,0,0,0
Edolisoma admiralitatis,1,0,0,0,0,0,0,0,0,0,0
Coracina ingens,1,0,0,0,0,0,0,0,0,0,0
Aphelocoma insularis,0,0,0,1,0,0,0,0,0,0,0
Calocitta colliei,0,0,0,1,0,0,0,0,0,0,0
Calocitta formosa,0,0,0,1,0,0,0,0,0,0,0
Cyanocorax caeruleus,0,0,0,1,0,0,0,0,0,0,0
Psilorhinus morio,0,0,0,1,0,0,0,0,0,0,0
Podoces pleskei,0,0,0,0,0,0,0,1,0,0,0
Podoces panderi,0,0,0,0,0,0,0,1,0,0,0
Pica nuttalli,0,0,0,1,0,0,0,0,0,0,0
Corvus culminatus,0,0,0,0,0,1,0,0,0,0,0
Corvus minutus,0,0,0,1,0,0,0,0,0,0,0
Acanthis cabaret,0,1,0,0,0,0,0,0,0,0,0
Spinus uropygialis,0,0,0,1,0,0,0,0,0,0,0
Serinus syriacus,0,0,0,0,0,0,0,1,0,0,0
Crithagra whytii,0,0,1,0,0,0,0,0,0,0,0
Leucosticte australis,0,0,0,1,0,0,0,0,0,0,0
Carpodacus verreauxii,0,0,0,0,0,0,0,0,0,1,0
Carpodacus rodopeplus,0,0,0,0,0,0,0,0,1,0,0
Carpodacus grandis,0,0,0,0,0,0,0,0,1,0,0
Loxops mana,0,0,0,1,0,0,0,0,0,0,0
Eophona migratoria,0,0,0,0,1,0,0,0,0,0,0
Prunella fagani,0,0,0,0,0,0,0,1,0,0,0
Prunella montanella,0,1,0,0,0,0,0,0,0,0,0
Prunella himalayana,0,0,0,0,0,0,1,0,0,0,0
Cercotrichas barbata,0,0,1,0,0,0,0,0,0,0,0
Cercotrichas quadrivirgata,0,0,1,0,0,0,0,0,0,0,0
Cercotrichas signata,0,0,1,0,0,0,0,0,0,0,0
Cercotrichas leucosticta,0,0,1,0,0,0,0,0,0,0,0
Cercotrichas coryphoeus,0,0,1,0,0,0,0,0,0,0,0
Copsychus fulicatus,0,0,0,0,0,1,0,0,0,0,0
Copsychus cebuensis,0,0,0,0,0,1,0,0,0,0,0
Copsychus niger,0,0,0,0,0,1,0,0,0,0,0
Copsychus stricklandii,0,0,0,0,0,1,0,0,0,0,0
Copsychus luzoniensis,0,0,0,0,0,1,0,0,0,0,0
Copsychus pyrropygus,0,0,0,0,0,1,0,0,0,0,0
Empidornis semipartitus,0,0,1,0,0,0,0,0,0,0,0
Muscicapa caerulescens,0,0,1,0,0,0,0,0,0,0,0
Muscicapa tessmanni,0,0,1,0,0,0,0,0,0,0,0
Muscicapa olivascens,0,0,1,0,0,0,0,0,0,0,0
Myioparus griseigularis,0,0,1,0,0,0,0,0,0,0,0
Myioparus plumbeus,0,0,1,0,0,0,0,0,0,0,0
Muscicapa sodhii,0,0,0,0,0,1,0,0,0,0,0
Muscicapa griseisticta,0,0,0,0,1,0,0,0,0,0,0
Melaenornis pallidus,0,0,1,0,0,0,0,0,0,0,0
Muscicapa boehmi,0,0,1,0,0,0,0,0,0,0,0
Muscicapa infuscata,0,0,1,0,0,0,0,0,0,0,0
Muscicapa ussheri,0,0,1,0,0,0,0,0,0,0,0
Muscicapa comitata,0,0,1,0,0,0,0,0,0,0,0
Cossypha isabellae,0,0,1,0,0,0,0,0,0,0,0
Cossypha anomala,0,0,1,0,0,0,0,0,0,0,0
Cossypha archeri,0,0,1,0,0,0,0,0,0,0,0
Cossypha caffra,0,0,1,0,0,0,0,0,0,0,0
Cossypha humeralis,0,0,1,0,0,0,0,0,0,0,0
Cossypha polioptera,0,0,1,0,0,0,0,0,0,0,0
Larvivora akahige,0,0,0,0,1,0,0,0,0,0,0
Larvivora ruficeps,0,0,0,0,0,0,0,0,0,1,0
Larvivora sibilans,0,1,0,0,0,0,0,0,0,0,0
Luscinia svecica,0,1,0,0,0,0,0,0,0,0,0
Luscinia luscinia,0,1,0,0,0,0,0,0,0,0,0
Calliope obscura,0,0,0,0,1,0,0,0,0,0,0
Enicurus borneensis,0,0,0,0,0,1,0,0,0,0,0
Oenanthe picata,0,0,0,0,0,0,0,1,0,0,0
Oenanthe chrysopygia,0,0,0,0,0,0,0,1,0,0,0
Oenanthe xanthoprymna,0,0,0,0,0,0,0,1,0,0,0
Oenanthe lugentoides,0,0,0,0,0,0,0,1,0,0,0
Oenanthe lugubris,0,0,1,0,0,0,0,0,0,0,0
Oenanthe heuglini,0,0,1,0,0,0,0,0,0,0,0
Oenanthe cypriaca,0,0,0,0,0,0,0,1,0,0,0
Myrmecocichla collaris,0,0,1,0,0,0,0,0,0,0,0
Saxicola rubicola,0,1,0,0,0,0,0,0,0,0,0
Saxicola sibilla,0,0,1,0,0,0,0,0,0,0,0
Saxicola insignis,0,0,0,0,0,0,1,0,0,0,0
Saxicola rubetra,0,1,0,0,0,0,0,0,0,0,0
Monticola gularis,0,0,0,0,1,0,0,0,0,0,0
Phoenicurus phoenicurus,0,1,0,0,0,0,0,0,0,0,0
Ficedula albicilla,0,1,0,0,0,0,0,0,0,0,0
Ficedula parva,0,1,0,0,0,0,0,0,0,0,0
Ficedula subrubra,0,0,0,0,0,0,0,0,1,0,0
Ficedula albicollis,0,1,0,0,0,0,0,0,0,0,0
Ficedula hypoleuca,0,1,0,0,0,0,0,0,0,0,0
Ficedula speculigera,0,0,1,0,0,0,0,0,0,0,0
Ficedula ruficauda,0,0,0,0,0,0,0,0,1,0,0
Ficedula elisae,0,0,0,0,1,0,0,0,0,0,0
Ficedula narcissina,0,0,0,0,1,0,0,0,0,0,0
Ficedula zanthopygia,0,0,0,0,1,0,0,0,0,0,0
Cyornis magnirostris,0,0,0,0,0,0,0,0,1,0,0
Cyanoptila cumatilis,0,0,0,0,1,0,0,0,0,0,0
Cyanoptila cyanomelana,0,0,0,0,1,0,0,0,0,0,0
Sholicola albiventris,0,0,0,0,0,1,0,0,0,0,0
Sholicola major,0,0,0,0,0,1,0,0,0,0,0
Machlolophus aplonotus,0,0,0,0,0,1,0,0,0,0,0
Tropicoperdix charltonii,0,0,0,0,0,1,0,0,0,0,0
Tropicoperdix chloropus,0,0,0,0,0,1,0,0,0,0,0
Tetrastes bonasia,0,1,0,0,0,0,0,0,0,0,0
Coturnix ypsilophorus,1,0,0,0,0,0,0,0,0,0,0
Xenoperdix obscuratus,0,0,1,0,0,0,0,0,0,0,0
Reinwardtipicus validus,0,0,0,0,0,1,0,0,0,0,0
Gecinulus rafflesii,0,0,0,0,0,1,0,0,0,0,0
Pardipicus caroli,0,0,1,0,0,0,0,0,0,0,0
Pardipicus nivosus,0,0,1,0,0,0,0,0,0,0,0
Dryocopus lineatus,0,0,0,1,0,0,0,0,0,0,0
Dryocopus schulzii,0,0,0,1,0,0,0,0,0,0,0
Dryocopus pileatus,0,0,0,1,0,0,0,0,0,0,0
Celeus galeatus,0,0,0,1,0,0,0,0,0,0,0
Dendrocoptes auriceps,0,0,0,0,0,0,0,0,1,0,0
Dendrocoptes medius,0,1,0,0,0,0,0,0,0,0,0
Dendrocoptes dorae,0,0,0,0,0,0,0,1,0,0,0
Chloropicus namaquus,0,0,1,0,0,0,0,0,0,0,0
Chloropicus xantholophus,0,0,1,0,0,0,0,0,0,0,0
Chloropicus pyrrhogaster,0,0,1,0,0,0,0,0,0,0,0
Picoides dorsalis,0,0,0,1,0,0,0,0,0,0,0
Yungipicus kizuki,0,0,0,0,1,0,0,0,0,0,0
Yungipicus moluccensis,0,0,0,0,0,1,0,0,0,0,0
Yungipicus maculatus,0,0,0,0,0,1,0,0,0,0,0
Melanerpes santacruzi,0,0,0,1,0,0,0,0,0,0,0
Sphyrapicus varius,0,0,0,1,0,0,0,0,0,0,0
Sasia africana,0,0,1,0,0,0,0,0,0,0,0
Hypsipetes thompsoni,0,0,0,0,0,1,0,0,0,0,0
Hypsipetes guimarasensis,0,0,0,0,0,1,0,0,0,0,0
Hypsipetes mindorensis,0,0,0,0,0,1,0,0,0,0,0
Hemixos leucogrammicus,0,0,0,0,0,1,0,0,0,0,0
Iole finschii,0,0,0,0,0,1,0,0,0,0,0
Pycnonotus tricolor,0,0,1,0,0,0,0,0,0,0,0
Pycnonotus pseudosimplex,0,0,0,0,0,1,0,0,0,0,0
Ixodia cyaniventris,0,0,0,0,0,1,0,0,0,0,0
Ixodia squamata,0,0,0,0,0,1,0,0,0,0,0
Rubigula gularis,0,0,0,0,0,1,0,0,0,0,0
Rubigula melanicterus,0,0,0,0,0,1,0,0,0,0,0
Rubigula montis,0,0,0,0,0,1,0,0,0,0,0
Rubigula dispar,0,0,0,0,0,1,0,0,0,0,0
Ixodia erythropthalmos,0,0,0,0,0,1,0,0,0,0,0
Nok hualon,0,0,0,0,0,1,0,0,0,0,0
Brachypodius melanocephalos,0,0,0,0,0,1,0,0,0,0,0
Phyllastrephus alfredi,0,0,1,0,0,0,0,0,0,0,0
Phyllastrephus placidus,0,0,1,0,0,0,0,0,0,0,0
Phyllastrephus scandens,0,0,1,0,0,0,0,0,0,0,0
Catharus bicknelli,0,0,0,1,0,0,0,0,0,0,0
Catharus fuscescens,0,0,0,1,0,0,0,0,0,0,0
Catharus minimus,0,0,0,1,0,0,0,0,0,0,0
Catharus ustulatus,0,0,0,1,0,0,0,0,0,0,0
Hylocichla mustelina,0,0,0,1,0,0,0,0,0,0,0
Turdus iliacus,0,1,0,0,0,0,0,0,0,0,0
Turdus subalaris,0,0,0,1,0,0,0,0,0,0,0
Turdus daguae,0,0,0,1,0,0,0,0,0,0,0
Turdus atrogularis,0,1,0,0,0,0,0,0,0,0,0
Turdus eunomus,0,1,0,0,0,0,0,0,0,0,0
Turdus naumanni,0,1,0,0,0,0,0,0,0,0,0
Turdus chrysolaus,0,0,0,0,1,0,0,0,0,0,0
Turdus feae,0,0,0,0,1,0,0,0,0,0,0
Turdus obscurus,0,1,0,0,0,0,0,0,0,0,0
Turdus cardis,0,0,0,0,1,0,0,0,0,0,0
Turdus hortulorum,0,0,0,0,1,0,0,0,0,0,0
Turdus unicolor,0,0,0,0,0,0,0,0,1,0,0
Turdus litsitsirupa,0,0,1,0,0,0,0,0,0,0,0
Geokichla sibirica,0,1,0,0,0,0,0,0,0,0,0
Geokichla wardii,0,0,0,0,0,0,0,0,1,0,0
Zoothera heinrichi,0,0,0,0,0,1,0,0,0,0,0
Zoothera griseiceps,0,0,0,0,0,0,0,0,0,1,0
Phylloscopus chloronotus,0,0,0,0,0,0,0,0,1,0,0
Phylloscopus subviridis,0,0,0,0,0,0,0,0,1,0,0
Phylloscopus inornatus,0,1,0,0,0,0,0,0,0,0,0
Phylloscopus affinis,0,0,0,0,0,0,0,0,1,0,0
Phylloscopus griseolus,0,0,0,0,0,0,1,0,0,0,0
Phylloscopus tytleri,0,0,0,0,0,0,0,0,1,0,0
Phylloscopus ibericus,0,1,0,0,0,0,0,0,0,0,0
Phylloscopus trochilus,0,1,0,0,0,0,0,0,0,0,0
Phylloscopus neglectus,0,0,0,0,0,0,0,1,0,0,0
Phylloscopus bonelli,0,1,0,0,0,0,0,0,0,0,0
Phylloscopus sibilatrix,0,1,0,0,0,0,0,0,0,0,0
Phylloscopus makirensis,1,0,0,0,0,0,0,0,0,0,0
Phylloscopus claudiae,0,0,0,0,1,0,0,0,0,0,0
Phylloscopus goodsoni,0,0,0,0,0,1,0,0,0,0,0
Phylloscopus occipitalis,0,0,0,0,0,0,0,0,1,0,0
Phylloscopus borealis,0,1,0,0,0,0,0,0,0,0,0
Phylloscopus examinandus,0,1,0,0,0,0,0,0,0,0,0
Phylloscopus xanthodryas,0,0,0,0,1,0,0,0,0,0,0
Phylloscopus borealoides,0,0,0,0,1,0,0,0,0,0,0
Phylloscopus tenellipes,0,0,0,0,1,0,0,0,0,0,0
Phylloscopus emeiensis,0,0,0,0,0,0,0,0,0,1,0
Phylloscopus nitidus,0,0,0,0,0,0,0,1,0,0,0
Phylloscopus ijimae,0,0,0,0,1,0,0,0,0,0,0
Phylloscopus burkii,0,0,0,0,0,0,0,0,1,0,0
Horornis vulcanius,0,0,0,0,0,1,0,0,0,0,0
Urosphena neumanni,0,0,1,0,0,0,0,0,0,0,0
Urosphena squameiceps,0,0,0,0,1,0,0,0,0,0,0
Locustella kashmirensis,0,0,0,0,0,0,0,0,1,0,0
Locustella alfredi,0,0,1,0,0,0,0,0,0,0,0
Locustella fluviatilis,0,1,0,0,0,0,0,0,0,0,0
Helopsaltes ochotensis,0,1,0,0,0,0,0,0,0,0,0
Helopsaltes pleskei,0,0,0,0,1,0,0,0,0,0,0
Helopsaltes pryeri,0,0,0,0,1,0,0,0,0,0,0
Catriscus brevirostris,0,0,1,0,0,0,0,0,0,0,0
Cincloramphus mariae,1,0,0,0,0,0,0,0,0,0,0
Cincloramphus rufus,1,0,0,0,0,0,0,0,0,0,0
Cincloramphus whitneyi,1,0,0,0,0,0,0,0,0,0,0
Cincloramphus grosvenori,1,0,0,0,0,0,0,0,0,0,0
Cincloramphus rubiginosus,1,0,0,0,0,0,0,0,0,0,0
Dicrurus fuscipennis,0,0,1,0,0,0,0,0,0,0,0
Dicrurus aldabranus,0,0,1,0,0,0,0,0,0,0,0
Dicrurus waldenii,0,0,1,0,0,0,0,0,0,0,0
Lalage newtoni,0,0,1,0,0,0,0,0,0,0,0
Lalage typica,0,0,1,0,0,0,0,0,0,0,0
Lalage sharpei,1,0,0,0,0,0,0,0,0,0,0
Edolisoma sula,0,0,0,0,0,1,0,0,0,0,0
Edolisoma dispar,0,0,0,0,0,1,0,0,0,0,0
Coracina schistacea,0,0,0,0,0,1,0,0,0,0,0
Pericrocotus divaricatus,0,0,0,0,1,0,0,0,0,0,0
Corvus fuscicapillus,0,0,0,0,0,1,0,0,0,0,0
Corvus unicolor,0,0,0,0,0,1,0,0,0,0,0
Corvus kubaryi,0,0,0,0,0,1,0,0,0,0,0
Garrulus lidthi,0,0,0,0,0,1,0,0,0,0,0
Serinus canaria,0,0,1,0,0,0,0,0,0,0,0
Rhynchostruthus socotranus,0,0,1,0,0,0,0,0,0,0,0
Crithagra concolor,0,0,1,0,0,0,0,0,0,0,0
Pyrrhula murina,0,1,0,0,0,0,0,0,0,0,0
Dysmorodrepanis munroi,0,0,0,1,0,0,0,0,0,0,0
Telespiza cantans,0,0,0,1,0,0,0,0,0,0,0
Telespiza ultima,0,0,0,1,0,0,0,0,0,0,0
Fringilla teydea,0,0,1,0,0,0,0,0,0,0,0
Copsychus sechellarum,0,0,1,0,0,0,0,0,0,0,0
Humblotia flavirostris,0,0,1,0,0,0,0,0,0,0,0
Larvivora komadori,0,0,0,0,0,1,0,0,0,0,0
Saxicola dacotiae,0,0,1,0,0,0,0,0,0,0,0
Saxicola tectes,0,0,1,0,0,0,0,0,0,0,0
Ficedula riedeli,0,0,0,0,0,1,0,0,0,0,0
Dendrocopos noguchii,0,0,0,0,0,1,0,0,0,0,0
Melanerpes herminieri,0,0,0,1,0,0,0,0,0,0,0
Hypsipetes borbonicus,0,0,1,0,0,0,0,0,0,0,0
Hypsipetes olivaceus,0,0,1,0,0,0,0,0,0,0,0
Hypsipetes moheliensis,0,0,1,0,0,0,0,0,0,0,0
Hypsipetes parvirostris,0,0,1,0,0,0,0,0,0,0,0
Turdus lherminieri,0,0,0,1,0,0,0,0,0,0,0
Turdus bewsheri,0,0,1,0,0,0,0,0,0,0,0
Turdus eremita,0,0,0,1,0,0,0,0,0,0,0
Turdus olivaceofuscus,0,0,1,0,0,0,0,0,0,0,0
Turdus xanthorhynchus,0,0,1,0,0,0,0,0,0,0,0
Turdus celaenops,0,0,0,0,1,0,0,0,0,0,0
Geokichla schistacea,0,0,0,0,0,1,0,0,0,0,0
Phylloscopus canariensis,0,0,1,0,0,0,0,0,0,0,0
Phylloscopus amoenus,0,0,0,0,0,1,0,0,0,0,0
Phylloscopus maforensis,0,0,0,0,0,1,0,0,0,0,0
Horornis carolinae,0,0,0,0,0,1,0,0,0,0,0
